序號,開標日期,股票代號,CB代號,名稱,股本,發行規模,年期,擔保,信用評等,競拍張數,底標價,截標日,截標收盤,轉換價,訂價溢價率,理論價,最低得標,最低溢價,平均得標,平均溢價,發行券商,產業分類,合格件數,投標張數,投標倍數,投標均張,投標開始日,最高投(得)標數量(張),撥券日,得標總金額,得標手續費率(%),最高得標價格(元),承銷價格(元)
1,2019-03-22 00:00:00,4943,49431,康控一KY,15.7,15.0,3,無擔保,9,13500,100.0,2019-03-20 00:00:00,124.5,121.1,1.02,102.8075970272502,100.5,-0.02244578313253032,102.07,-0.00717453815261071,中信證券,電子零組件業,829,19751,1.463037037037037,23.82509047044632,2019/03/18,1350.0,2019/04/02,1377907550.0,1.0,159.0,102.07
2,2019-09-02 00:00:00,4736,47363,泰博三,9.22,15.0,5,有擔保,4,12752,100.0,2019-08-07 00:00:00,126.0,140.0,1.0566,90.0,107.17,0.1907777777777777,108.46,0.205111111111111,凱基證券,生技醫療業,1559,54356,4.262547051442911,34.86593970493907,2019/08/05,1275.0,2019/08/21,1394223850.0,0.5,140.1,109.33
3,2019-11-04 00:00:00,8028,80281,昇陽一,13.2,10.0,3,無擔保,6,8732,102.0,2019-10-31 00:00:00,76.8,76.1,1.02,100.9198423127464,108.45,0.07461523437499995,109.92,0.08918124999999999,富邦證券,半導體業,1063,31398,3.595739807604214,29.53715898400753,,,,,,,
4,2019-12-02 00:00:00,2729,27291,瓦城一,2.33,8.0,3,無擔保,5,6880,102.0,2019-11-28 00:00:00,286.0,300.0,1.0722,95.33333333333334,102.81,0.07842657342657344,107.3,0.1255244755244753,富邦證券,觀光餐旅,674,11341,1.648401162790698,16.82640949554896,,,,,,,
5,2019-12-11 00:00:00,6477,64771,安集一,11.4,3.0,5,無擔保,6,2550,100.0,2019-12-09 00:00:00,22.65,23.0,1.02,98.47826086956522,100.51,0.02063134657836652,101.59,0.03159823399558492,福邦證券,光電業,187,4116,1.614117647058823,22.01069518716578,2019/12/05,255.0,2019/12/20,259066700.0,0.5,109.22,101.59
6,2020-01-06 00:00:00,3617,36171,碩天一,8.1,12.0,3,無擔保,5,10200,101.5,2020-01-02 00:00:00,113.0,122.0,1.0961,92.62295081967213,104.1,0.1239115044247787,105.23,0.1361115044247789,宏遠證券,其他電子業,882,24587,2.410490196078432,27.87641723356009,2019/12/30,1020.0,2020/01/15,1073334860.0,0.5,141.0,105.23
7,2020-01-08 00:00:00,1436,14361,華友聯一,9.56,3.0,5,有擔保,8,2550,100.0,2020-01-06 00:00:00,40.95,40.0,1.0521,102.375,106.66,0.04185592185592157,107.73,0.05230769230769217,第一金證,建材營造業,372,7637,2.994901960784314,20.52956989247312,2020/01/02,255.0,2020/01/17,274721790.0,0.5,120.0,107.73
8,2020-01-09 00:00:00,3594,35943,磐儀三,7.16,3.0,3,無擔保,7,2550,100.0,2020-01-07 00:00:00,25.45,22.8,1.02,111.6228070175439,101.65,-0.08934381139489189,104.86,-0.06058624754420439,福邦證券,電腦及週邊設備業,241,4769,1.870196078431372,19.78838174273859,2020/01/03,255.0,2020/01/20,267389720.0,0.5,115.3,104.86
9,2020-02-06 00:00:00,4967,49671,十銓一,7.45,5.0,3,有擔保,6,4250,102.0,2020-02-04 00:00:00,36.55,33.9,1.0688,107.8171091445428,110.7,0.02673871409028727,112.21,0.04074391244870035,群益證券,半導體業,444,11307,2.660470588235294,25.46621621621622,2020/01/31,425.0,2020/02/17,476883600.0,0.5,119.6,112.21
10,2020-02-18 00:00:00,2466,24663,冠希電三,15.6,3.0,3,有擔保,8,2660,102.0,2020-02-14 00:00:00,34.9,38.0,1.08,91.84210526315789,103.11,0.1226876790830946,104.5,0.1378223495702007,中信證券,光電業,481,5011,1.883834586466165,10.41787941787942,2020/02/12,266.0,2020/02/27,277980900.0,0.5,110.0,104.5
11,2020-02-19 00:00:00,4175,41752,杏一二,3.16,3.0,5,無擔保,6,2550,102.0,2020-02-17 00:00:00,72.9,77.3,1.0503,94.3078913324709,102.65,0.08845610425240058,103.62,0.09874156378600807,國泰證券,生技醫療業,190,4108,1.610980392156863,21.62105263157895,2020/02/13,255.0,2020/03/02,264225240.0,0.5,110.0,103.62
12,2020-02-26 00:00:00,2228,22282,劍麟二,7.58,3.0,3,無擔保,5,2550,100.0,2020-02-24 00:00:00,95.2,106.23,1.05,89.61686905770499,104.5,0.1660751050420166,105.98,0.1825898529411765,元大證券,汽車工業,416,11327,4.441960784313726,27.22836538461538,2020/02/20,255.0,2020/03/09,270260630.0,0.5,110.0,105.98
13,2020-04-20 00:00:00,6150,61504,撼訊四,4.49,4.0,3,無擔保,8,3550,100.0,2020-04-16 00:00:00,42.8,34.5,1.02,124.0579710144927,102.22,-0.1760303738317756,106.83,-0.1388703271028037,宏遠證券,電腦及週邊設備業,221,4439,1.250422535211268,20.08597285067873,2020/04/14,355.0,2020/04/29,379239070.0,0.5,117.33,106.83
14,2020-05-11 00:00:00,4919,49191,新唐一,39.1,20.0,7,無擔保,4,5361,100.0,2020-05-07 00:00:00,39.15,39.9,1.0828,98.1203007518797,100.0,0.0191570881226053,100.91,0.02843141762452106,中信證券,半導體業,473,5361,1.0,11.33403805496829,2020/05/05,1800.0,2020/05/20,540953740.0,0.5,110.0,100.0
15,2020-05-28 00:00:00,6189,61893,豐藝三,18.3,10.0,3,無擔保,4,3740,101.0,2020-05-26 00:00:00,34.4,34.5,1.0213,99.71014492753622,101.0,0.01293604651162794,103.94,0.04242151162790697,群益證券,電子通路業,192,3740,1.0,19.47916666666667,2020/05/22,850.0,2020/06/08,388726950.0,0.5,498.0,101.0
16,2020-07-31 00:00:00,9958,99584,世紀鋼四,23.1,15.0,3,無擔保,5,10544,100.0,2020-07-29 00:00:00,92.8,90.88,1.02,102.112676056338,100.0,-0.02068965517241383,101.13,-0.009623448275862145,群益證券,鋼鐵工業,426,10544,1.0,24.75117370892019,2020/07/27,1275.0,2020/08/11,1066290440.0,0.5,110.0,100.0
17,2020-08-06 00:00:00,9802,98025,鈺齊五KY,18.6,5.0,3,無擔保,4,4250,100.0,2020-08-04 00:00:00,105.0,112.0,1.0228,93.75,105.5,0.1253333333333333,106.55,0.1365333333333334,國票證券,運動休閒,648,19271,4.53435294117647,29.7391975308642,2020/07/31,425.0,2020/08/17,452831280.0,0.5,110.1,106.55
18,2020-08-25 00:00:00,1589,15893,永冠三KY,11.1,15.0,5,無擔保,6,12750,100.0,2020-08-21 00:00:00,99.0,100.0,1.0249,99.0,101.5,0.0252525252525253,103.56,0.04606060606060614,中信證券,電機機械,941,24755,1.94156862745098,26.30712008501594,2020/08/19,1275.0,2020/09/03,1320378820.0,0.5,120.02,103.56
19,2020-08-26 00:00:00,2937,29371,集雅社一,3.29,2.5,3,有擔保,6,2125,104.0,2020-08-24 00:00:00,33.95,39.0,1.1468,87.05128205128206,104.6,0.2015905743740793,106.1,0.2188217967599408,富邦證券,居家生活,177,2989,1.406588235294118,16.88700564971752,2020/08/20,212.0,2020/09/04,225465300.0,0.5,120.0,106.1
20,2020-09-24 00:00:00,4967,49672,十銓二,7.45,8.0,3,有擔保,6,6880,102.0,2020-09-22 00:00:00,37.1,42.0,1.1468,88.33333333333334,105.0,0.1886792452830188,106.47,0.2053207547169811,第一金證,半導體業,692,16215,2.356831395348837,23.43208092485549,2020/09/18,688.0,2020/10/07,732547700.0,0.5,240.0,106.47
21,2020-09-24 00:00:00,8044,80441,網家一,11.8,15.0,3,有擔保,6,13304,103.0,2020-09-22 00:00:00,105.0,112.0,1.05861,93.75,105.77,0.1282133333333333,107.42,0.1458133333333334,凱基證券,數位雲端,1138,31470,2.365453998797354,27.65377855887522,2020/09/18,1330.0,2020/10/07,1429120140.0,1.5,230.0,107.42
22,2020-09-28 00:00:00,5263,52633,智崴三,5.68,7.0,5,無擔保,7,5951,100.0,2020-09-24 00:00:00,104.0,105.0,1.0211,99.04761904761905,100.7,0.01668269230769237,101.64,0.0261730769230768,台新證券,文化創意業,335,11333,1.904385817509662,33.82985074626865,2020/09/22,595.0,2020/10/12,604869400.0,0.5,115.0,101.64
23,2020-10-13 00:00:00,6629,66291,泰金一KY,3.57,2.0,3,無擔保,6,1700,100.0,2020-10-08 00:00:00,63.9,59.8,1.02,106.8561872909699,106.1,-0.007076682316119021,107.88,0.009581220657276956,中信證券,居家生活,574,8668,5.098823529411765,15.10104529616725,2020/10/06,170.0,2020/10/22,183392590.0,0.5,113.0,107.88
24,2020-10-21 00:00:00,6477,64772,安集二,11.4,3.0,5,無擔保,6,2550,100.0,2020-10-19 00:00:00,59.5,42.1,1.02,141.3301662707838,115.2,-0.1848873949579832,120.18,-0.149650756302521,國泰證券,光電業,599,8781,3.443529411764706,14.65943238731219,2020/10/15,255.0,2020/10/30,306465660.0,0.5,150.1,120.18
25,2020-10-21 00:00:00,5306,53063,桂盟三,12.6,10.0,3,有擔保,4,8500,103.0,2020-10-19 00:00:00,198.5,205.2,1.0502,96.73489278752437,106.1,0.09681209068010066,107.5,0.1112846347607053,凱基證券,運動休閒,718,19924,2.344,27.74930362116991,2020/10/15,850.0,2020/10/30,913722320.0,1.0,120.0,107.5
26,2020-11-23 00:00:00,2636,26364,台驊四,12.7,3.0,3,無擔保,4,2550,102.0,2020-11-19 00:00:00,37.85,40.0,1.0363,94.625,104.2,0.1011889035667106,105.09,0.1105944517833555,凱基證券,航運業,480,10480,4.109803921568627,21.83333333333333,2020/11/17,255.0,2020/12/02,267979230.0,0.5,108.69,105.09
27,2020-12-01 00:00:00,1626,16264,艾美特四KY,14.1,4.0,3,無擔保,7,3460,100.0,2020-11-27 00:00:00,26.25,27.0,1.07,97.22222222222221,100.0,0.02857142857142869,100.0,0.02857142857142869,凱基證券,電器電纜,96,1280,0.3699421965317919,13.33333333333333,2020/11/25,346.0,2020/12/10,129816450.0,0.5,106.02,100.0
28,2020-12-03 00:00:00,3489,34891,森寶一,8.31,1.0,3,有擔保,8,900,103.0,2020-12-01 00:00:00,13.0,13.85,1.14,93.86281588447653,105.99,0.1292011538461537,107.48,0.1450753846153847,合庫證券,建材營造業,223,2487,2.763333333333333,11.15246636771301,2020/11/27,90.0,2020/12/14,96729890.0,0.5,112.63,107.48
29,2020-12-04 00:00:00,3023,30237,信邦七,23.3,13.0,3,無擔保,4,11400,101.0,2020-12-02 00:00:00,206.0,203.0,1.0513,101.4778325123153,105.28,0.03746796116504858,108.3,0.06722815533980575,富邦證券,電子零組件業,1005,32101,2.815877192982456,31.94129353233831,2020/11/30,1140.0,2020/12/15,1234582540.0,0.5,158.28,108.3
30,2020-12-07 00:00:00,5546,55461,永固一KY,8.23,8.0,3,無擔保,7,6800,100.0,2020-12-03 00:00:00,83.9,78.8,1.0233,106.4720812182741,100.11,-0.05975351609058399,102.41,-0.03815160905840287,中信證券,建材營造業,427,9989,1.468970588235294,23.39344262295082,2020/12/01,680.0,2020/12/16,696364820.0,0.5,120.0,102.41
31,2021-01-25 00:00:00,6706,67061,惠特一,7.22,5.0,3,無擔保,5,4250,100.0,2021-01-21 00:00:00,157.5,168.0,1.05,93.75,108.16,0.1537066666666667,109.28,0.1656533333333334,凱基證券,光電業,930,22780,5.36,24.49462365591398,2021/1/19,425.0,2021/2/3,464426010.0,0.5,136.0,109.28
32,2021-02-26 00:00:00,3713,37131,新晶投控一,7.81,5.0,3,有擔保,7,4250,102.0,2021-02-24 00:00:00,54.6,53.8,1.0487,101.4869888475836,112.62,0.1096989010989011,113.92,0.122508424908425,第一金證,綠能環保,727,22095,5.198823529411765,30.39202200825309,2021/2/22,425.0,2021/3/10,484175190.0,0.5,120.0,113.92
33,2021-05-04 00:00:00,6251,62512,定穎二,27.8,5.0,3,無擔保,5,4250,101.0,2021-04-29 00:00:00,22.55,23.5,1.078,95.95744680851064,107.7,0.1223725055432372,110.1,0.1473835920177382,富邦證券,電子零組件業,734,13542,3.18635294117647,18.44959128065395,2021/4/27,425.0,2021/5/13,467936910.0,0.5,121.1,110.1
34,2021-05-04 00:00:00,1341,13411,富林KY一,4.94,1.5,3,無擔保,6,1275,100.0,2021-04-29 00:00:00,82.4,75.8,1.0218,108.7071240105541,112.2,0.03213106796116505,115.0,0.05788834951456301,中信證券,塑膠工業,436,6451,5.059607843137255,14.79587155963303,2021/4/27,127.0,2021/5/13,146628770.0,0.5,152.1,115.0
35,2021-05-06 00:00:00,3512,35121,皇龍一,8.4,4.0,3,有擔保,8,3400,100.0,2021-05-04 00:00:00,36.6,39.0,1.04,93.84615384615384,109.29,0.1645655737704919,112.04,0.1938688524590166,台新證券,建材營造業,420,8803,2.589117647058824,20.95952380952381,2021/4/29,340.0,2021/5/17,380938230.0,0.5,138.0,112.04
36,2021-05-06 00:00:00,6641,66411,基士德KY一,3.4,3.0,3,無擔保,5,2550,100.0,2021-05-04 00:00:00,71.6,76.0,1.05,94.21052631578947,101.5,0.07737430167597781,104.64,0.1107039106145253,永豐金證,綠能環保,189,3666,1.43764705882353,19.3968253968254,2021/4/29,255.0,2021/5/17,266842900.0,0.5,138.0,104.64
37,2021-06-02 00:00:00,6015,60151,宏遠一,33.1,7.0,5,無擔保,BBB,7000,100.0,2021-05-31 00:00:00,25.15,19.18,1.02,131.126173096976,114.7,-0.1252699801192841,117.8,-0.1016286282306162,凱基證券,證券業,747,21079,3.011285714285714,28.2182061579652,2021/5/27,700.0,2021/6/11,824581730.0,0.5,151.3,117.8
38,2021-06-10 00:00:00,6179,61792,亞通二,7.41,2.0,3,有擔保,6,1700,101.0,2021-06-10 00:00:00,32.75,32.9,1.02,99.54407294832828,114.33,0.1485364885496181,115.29,0.158180458015267,兆豐證券,其他業,613,11047,6.498235294117647,18.02120717781403,2021/6/4,170.0,2021/6/22,195992260.0,0.5,125.0,115.29
39,2021-07-01 00:00:00,2482,24822,連宇二,6.21,2.0,3,有擔保,7,1700,100.0,2021-07-01 00:00:00,12.5,12.65,1.0251,98.81422924901186,112.8,0.1415359999999999,114.15,0.1551979999999999,國票證券,其他電子業,311,6224,3.661176470588235,20.0128617363344,2021/6/25,170.0,2021/7/12,194053150.0,0.5,117.71,114.15
40,2021-07-08 00:00:00,6541,65481,長科一,31.2,15.0,5,有擔保,7,12750,102.0,2021-07-06 00:00:00,83.1,75.0,1.0417,110.8,118.28,0.0675090252707582,120.56,0.08808664259927812,凱基證券,生技醫療業,1154,41071,3.221254901960784,35.59012131715771,2021/7/2,1275.0,2021/7/19,1537201910.0,0.5,128.0,120.56
41,2021-07-09 00:00:00,8109,81091,博大一,7.76,3.0,3,無擔保,5,2550,100.0,2021-07-07 00:00:00,72.7,74.0,1.0207,98.24324324324326,109.8,0.1176341127922969,111.42,0.1341237964236588,凱基證券,電子零組件業,559,12744,4.99764705882353,22.79785330948122,2021/7/5,255.0,2021/7/20,284123890.0,0.5,116.23,111.42
42,2021-07-23 00:00:00,2338,23383,光罩三,25.3,20.0,5,無擔保,7,17200,102.0,2021-07-21 00:00:00,99.0,88.8,1.0242,111.4864864864865,112.56,0.009629090909091031,115.23,0.03357818181818195,凱基證券,半導體業,1154,33705,1.959593023255814,29.20710571923744,2021/7/19,1720.0,2021/8/3,1981888020.0,0.5,128.0,115.23
43,2021-07-23 00:00:00,3028,30284,增你強四,21.4,7.0,3,無擔保,6,5100,101.0,2021-07-21 00:00:00,27.65,29.0,1.0335,95.34482758620689,107.33,0.1257034358047018,109.18,0.1451066907775771,群益證券,電子通路業,562,15559,3.05078431372549,27.68505338078292,2021/7/19,510.0,2021/8/3,556814850.0,0.5,115.2,109.18
44,2021-07-26 00:00:00,6477,64773,安集三,11.4,5.0,5,無擔保,6,4250,100.0,2021-07-22 00:00:00,45.8,45.3,1.0215,101.1037527593819,103.88,0.02745938864628816,106.99,0.05821986899563303,福邦證券,光電業,321,7088,1.667764705882353,22.0809968847352,2021/7/20,425.0,2021/8/4,454703100.0,0.5,116.5,106.99
45,2021-07-26 00:00:00,6150,61505,撼訊五,4.49,7.0,3,無擔保,8,5950,100.0,2021-07-22 00:00:00,139.0,138.3,1.0207,100.5061460592914,100.23,-0.002747553956834348,104.29,0.03764798561151106,宏遠證券,電腦及週邊設備業,333,7459,1.253613445378151,22.3993993993994,2021/7/20,595.0,2021/8/4,620518730.0,0.5,120.0,104.29
46,2021-08-04 00:00:00,6209,62092,今國光二,16.3,3.5,3,有擔保,6,2975,100.0,2021-08-02 00:00:00,33.6,35.0,1.0355,96.00000000000001,113.3,0.1802083333333331,115.17,0.1996874999999998,國票證券,光電業,696,12874,4.327394957983193,18.49712643678161,2021/7/29,297.0,2021/8/13,342640330.0,0.5,123.5,115.17
47,2021-08-10 00:00:00,3533,35331,嘉澤一,10.3,10.0,3,無擔保,4,8800,102.0,2021-08-06 00:00:00,570.0,563.2,1.02,101.2073863636364,114.46,0.1309451228070175,115.45,0.1407270175438597,元大證券,電子零組件業,1352,37818,4.2975,27.97189349112426,2021/8/4,880.0,2021/8/19,1015932860.0,0.6,163.5,115.45
48,2021-08-24 00:00:00,3339,33394,泰谷四,4.33,3.0,3,有擔保,8,2550,102.0,2021-08-20 00:00:00,18.8,19.8,1.02,94.94949494949495,109.3,0.1511382978723403,110.98,0.168831914893617,富邦證券,光電業,315,7618,2.987450980392157,24.18412698412698,2021/8/18,255.0,2021/9/2,282999350.0,0.5,116.5,110.98
49,2021-08-31 00:00:00,6203,62031,海韻一,8.0,6.0,3,無擔保,5,5116,103.5,2021-08-27 00:00:00,97.2,95.8,1.02,101.4613778705637,111.1,0.09499794238683124,112.84,0.1121473251028806,富邦證券,電子零組件業,550,13263,2.592455043002345,24.11454545454545,2021/8/25,511.0,2021/9/9,577269840.0,0.5,119.0,112.84
50,2021-08-31 00:00:00,1582,15823,信錦三,12.4,12.0,3,無擔保,4,10320,100.0,2021-08-27 00:00:00,70.3,66.8,1.02,105.2395209580838,108.3,0.02908108108108087,111.87,0.06300369843527731,富邦證券,電子零組件業,640,18383,1.781298449612403,28.7234375,2021/8/25,1032.0,2021/9/9,1154510750.0,0.5,118.1,111.87
51,2021-09-07 00:00:00,3018,30184,同開四,7.31,3.5,3,有擔保,9,2975,102.0,2021-09-09 00:00:00,17.75,19.8,1.1,89.64646464646464,108.6,0.2114253521126761,110.84,0.2364123943661973,富邦證券,其他電子業,231,7623,2.562352941176471,33.0,2021/9/1,297.0,2021/9/16,329763570.0,0.5,115.11,110.84
52,2021-09-08 00:00:00,6190,61905,萬泰科五,14.0,3.0,3,無擔保,6,2550,101.0,2021-09-06 00:00:00,24.25,25.0,1.0183,97.0,103.8,0.07010309278350513,106.4,0.09690721649484546,元富證券,通信網路業,162,4229,1.65843137254902,26.10493827160494,2021/9/2,255.0,2021/9/17,271310080.0,0.5,111.8,106.4
53,2021-09-14 00:00:00,3122,31221,笙泉一,3.83,2.0,3,有擔保,6,1700,102.0,2021-09-10 00:00:00,50.3,52.0,1.0318,96.73076923076923,109.6,0.1330417495029821,111.71,0.1548548707753479,群益證券,半導體業,249,4909,2.887647058823529,19.714859437751,2021/9/8,170.0,2021/9/27,189899440.0,0.5,119.28,111.71
54,2021-09-14 00:00:00,3708,37083,上緯三,9.35,10.0,5,有擔保,6,8500,100.0,2021-09-10 00:00:00,91.4,99.0,1.0687,92.32323232323233,106.33,0.1517144420131289,108.38,0.1739190371991246,元大證券,綠能環保,373,13269,1.561058823529412,35.57372654155496,2021/9/8,850.0,2021/9/27,921263960.0,0.5,113.94,108.38
55,2021-09-15 00:00:00,3708,37084,上緯四,9.35,10.0,5,無擔保,6,8500,100.0,2021-09-13 00:00:00,89.7,95.0,1.0233,94.42105263157895,100.5,0.06438127090301005,103.45,0.09562430323299886,元大證券,綠能環保,180,9524,1.120470588235294,52.91111111111111,2021/9/9,850.0,2021/9/28,879359860.0,0.5,107.72,103.45
56,2021-09-15 00:00:00,8473,84732,山林水二,13.5,10.0,5,無擔保,6,8500,101.0,2021-09-13 00:00:00,35.95,38.0,1.0526,94.60526315789475,101.0,0.0675938803894296,103.24,0.09127121001390792,兆豐證券,綠能環保,56,1597,0.1878823529411765,28.51785714285714,2021/9/9,850.0,2021/9/28,164873020.0,0.5,106.8,101.0
57,2021-09-16 00:00:00,3483,34833,力致三,7.07,3.0,3,無擔保,6,2550,100.0,2021-09-14 00:00:00,83.4,83.6,1.02,99.76076555023926,106.5,0.06755395683453225,108.22,0.08479520383693018,永豐金證,電腦及週邊設備業,278,7976,3.127843137254902,28.69064748201439,2021/9/10,255.0,2021/9/29,275963920.0,0.5,113.1,108.22
58,2021-09-17 00:00:00,6275,62756,元山六,6.98,3.0,5,有擔保,6,2550,100.0,2021-09-15 00:00:00,28.6,30.0,1.0619,95.33333333333334,108.6,0.139160839160839,110.95,0.1638111888111888,第一金證,電子零組件業,257,6889,2.70156862745098,26.80544747081712,2021/9/13,255.0,2021/9/30,282924490.0,0.5,115.0,110.95
59,2021-10-01 00:00:00,6257,62574,矽格四,44.4,15.0,3,無擔保,4,12750,101.0,2021-09-29 00:00:00,58.4,65.4,1.0296,89.2966360856269,104.6,0.1713767123287673,106.2,0.1892945205479455,凱基證券,半導體業,594,26059,2.043843137254902,43.87037037037037,2021/9/27,1275.0,2021/10/13,1353995740.0,0.5,110.5,106.2
60,2021-10-05 00:00:00,4714,47146,永捷六,13.5,3.0,5,有擔保,8,2680,101.0,2021-10-01 00:00:00,13.7,16.8,1.17,81.54761904761904,103.02,0.2633109489051095,105.37,0.2921284671532849,富邦證券,化學工業,142,3757,1.401865671641791,26.45774647887324,2021/9/29,268.0,2021/10/15,282394680.0,0.5,111.0,105.37
61,2021-10-07 00:00:00,8420,84201,明揚一,5.1,5.0,3,無擔保,6,4250,102.0,2022-09-28 00:00:00,67.5,75.0,1.02,90.0,102.38,0.1375555555555554,103.98,0.1553333333333333,台新證券,運動休閒,181,6931,1.630823529411765,38.29281767955801,2022/09/22,425.0,2022/10/07,437666000.0,0.5,106.0,102.98
62,2021-10-14 00:00:00,8103,81034,瀚荃四,7.9,5.0,3,無擔保,5,4250,101.0,2021-10-08 00:00:00,45.8,42.2,1.0203,108.5308056872038,104.28,-0.03916681222707397,105.8,-0.02516157205240155,群益證券,電子零組件業,325,8572,2.016941176470588,26.37538461538461,2021/10/5,425.0,2021/10/21,449652530.0,0.5,114.15,105.8
63,2021-10-14 00:00:00,3576,35763,聯合再生三,151.0,30.0,3,有擔保,7,27000,102.0,2021-10-08 00:00:00,20.65,20.9,1.021,98.80382775119617,102.35,0.03589104116222752,104.18,0.0544125907990316,凱基證券,光電業,554,31011,1.148555555555556,55.97653429602888,2021/10/6,2700.0,2021/10/25,2812889950.0,0.5,114.7,104.18
64,2021-10-14 00:00:00,6552,65521,易華電一,8.3,5.0,5,有擔保,6,4250,102.5,2021-10-12 00:00:00,54.7,63.5,1.0763,86.14173228346456,104.89,0.2176444241316271,106.63,0.237843692870201,台新證券,半導體業,324,9921,2.334352941176471,30.62037037037037,2021/10/7,425.0,2021/10/25,453198380.0,0.5,115.0,106.63
65,2021-10-19 00:00:00,4739,47393,康普三,10.3,7.0,5,有擔保,5,6050,100.0,2021-10-15 00:00:00,123.0,110.0,1.051,111.8181818181818,113.89,0.01852845528455282,116.01,0.03748780487804892,福邦證券,化學工業,795,22128,3.657520661157025,27.83396226415094,2021/10/13,605.0,2021/10/28,701846690.0,0.5,125.11,116.01
66,2021-10-20 00:00:00,6509,65095,聚和五,17.3,3.0,3,無擔保,5,2600,102.0,2021-10-18 00:00:00,56.5,55.9,1.02,101.0733452593918,107.99,0.06843203539822995,110.12,0.08950584070796475,台新證券,化學工業,381,9974,3.836153846153846,26.17847769028871,2021/10/14,260.0,2021/10/29,286317270.0,0.5,123.9,110.12
67,2021-10-27 00:00:00,4714,47147,永捷七,17.78,2.0,3,無擔保,8,1785,100.0,2021-10-25 00:00:00,14.25,14.0,1.02,101.7857142857143,102.38,0.005838596491228198,103.76,0.01939649122807041,富邦證券,化學工業,161,3912,2.191596638655462,24.29813664596273,2021/10/21,178.0,2021/11/5,185211190.0,0.5,109.8,103.76
68,2021-11-02 00:00:00,6616,66162,特昇二-KY,3.55,1.2,3,無擔保,6,1020,101.0,2021-10-29 00:00:00,22.3,22.8,1.05,97.80701754385966,101.0,0.03264573991031372,101.76,0.04041614349775791,第一金證,居家生活,44,576,0.5647058823529412,13.09090909090909,2021/10/27,102.0,2021/11/11,50877860.0,0.5,107.0,101.0
69,2021-11-11 00:00:00,1609,16094,大亞四,59.5,12.0,5,無擔保,5,10320,101.0,2021-11-09 00:00:00,27.6,28.8,1.06,95.83333333333334,106.89,0.1153739130434781,108.31,0.130191304347826,凱基證券,電器電纜,1164,41122,3.98468992248062,35.32817869415808,2021/11/5,1032.0,2021/11/22,1117729060.0,0.5,116.5,108.31
70,2021-11-11 00:00:00,6283,62832,淳安二,14.8,3.0,3,有擔保,6,2550,100.0,2021-11-09 00:00:00,49.1,55.1,1.02,89.11070780399274,109.28,0.2263397148676172,110.78,0.2431727087576374,中信證券,其他電子業,844,17102,6.706666666666667,20.26303317535545,2021/11/5,255.0,2021/11/22,282500280.0,1.0,120.5,110.78
71,2021-11-16 00:00:00,2069,20694,運錩四,15.6,3.0,3,無擔保,7,2550,100.0,2021-11-12 00:00:00,35.55,31.5,1.0237,112.8571428571429,109.91,-0.02611392405063295,111.6,-0.0111392405063292,台新證券,鋼鐵工業,393,8160,3.2,20.76335877862595,2021/11/10,255.0,2021/11/25,284589610.0,0.5,117.99,111.6
72,2021-11-29 00:00:00,2066,20661,世德一,3.65,4.0,3,無擔保,6,3410,103.0,2021-11-25 00:00:00,61.6,63.1,1.02,97.62282091917591,109.1,0.1175665584415584,110.21,0.1289368506493507,台新證券,電機機械,616,15035,4.409090909090909,24.40746753246753,2021/11/23,341.0,2021/12/8,375808410.0,0.5,113.14,110.21
73,2021-11-29 00:00:00,6578,65781,達邦蛋白一,3.01,2.0,3,有擔保,6,1700,101.0,2021-11-25 00:00:00,17.9,18.5,1.0482,96.75675675675674,110.78,0.144932960893855,112.02,0.1577486033519555,兆豐證券,農業科技業,413,9184,5.402352941176471,22.23728813559322,2021/11/23,170.0,2021/12/8,190431500.0,0.5,115.1,112.02
74,2021-12-01 00:00:00,8927,89276,北基六,19.8,3.0,3,無擔保,7,2700,100.0,2021-11-29 00:00:00,33.15,35.5,1.05,93.38028169014085,100.0,0.07088989441930615,103.04,0.103444947209653,合庫證券,油電燃氣業,173,2542,0.9414814814814815,14.69364161849711,2021/11/25,270.0,2021/12/10,261927730.0,0.5,111.38,100.0
75,2021-12-01 00:00:00,6654,66541,天正國際一,3.7,4.0,3,有擔保,6,3400,102.5,2021-11-29 00:00:00,103.0,98.0,1.0234,105.1020408163265,115.1,0.09512621359223306,116.41,0.107590291262136,凱基證券,其他電子業,912,22722,6.682941176470588,24.91447368421053,2021/11/25,340.0,2021/12/10,395792660.0,0.5,121.96,116.41
76,2021-12-09 00:00:00,1909,19094,榮成四,128.0,7.0,3,無擔保,7,5950,102.0,2021-12-07 00:00:00,24.55,26.1,1.07,94.06130268199233,107.0,0.1375560081466396,108.58,0.1543535641547862,台新證券,造紙工業,720,19387,3.258319327731092,26.92638888888889,2021/12/3,595.0,2021/12/20,646048920.0,0.5,120.0,108.58
77,2021-12-22 00:00:00,4566,45662,時碩二,7.15,6.3,3,無擔保,5,5355,101.0,2021-12-20 00:00:00,46.05,47.0,1.0431,97.9787234042553,110.08,0.1235092290988058,111.8,0.1410640608034746,凱基證券,電機機械,811,23230,4.338001867413632,28.64364981504316,2021/12/16,535.0,2022/1/3,598662850.0,0.5,305.0,111.8
78,2021-12-29 00:00:00,3268,32681,海德威一,3.34,2.0,3,有擔保,7,1700,104.0,2021-12-27 00:00:00,29.3,29.2,1.0246,100.3424657534247,114.93,0.1453774744027303,115.76,0.153649146757679,合庫證券,半導體業,740,14059,8.27,18.99864864864865,2021/12/23,170.0,2022/1/10,196788580.0,0.5,120.0,115.76
79,2022-01-03 00:00:00,2061,20612,風青二,4.69,1.0,3,有擔保,8,850,100.0,2021-12-29 00:00:00,22.9,22.7,1.02,100.8810572687225,117.39,0.163647598253275,118.94,0.1790122270742358,中信證券,電器電纜,465,8057,9.478823529411764,17.32688172043011,2021/12/27,85.0,2022/01/12,101097900.0,1.0,122.11,118.94
80,2022-01-07 00:00:00,3138,31381,耀登一,4.66,4.0,3,有擔保,7,3400,100.0,2022-01-05 00:00:00,237.5,230.0,1.0376,103.2608695652174,118.45,0.1470947368421054,121.0,0.1717894736842107,國票證券,通信網路業,947,22623,6.653823529411765,23.88912354804646,2022/01/03,340.0,2022/01/18,411409590.0,0.5,200.0,121.0
81,2022-01-10 00:00:00,6715,67151,嘉基一,5.7,3.0,3,無擔保,5,2550,100.0,2022-01-06 00:00:00,123.0,123.4,1.02,99.67585089141005,114.2,0.1457138211382114,116.22,0.165979512195122,中信證券,電子零組件業,581,15355,6.02156862745098,26.42857142857143,2022/01/04,255.0,2022/01/19,296356590.0,0.5,118.89,116.22
82,2022-01-12 00:00:00,8147,81472,正凌二,3.06,2.0,3,無擔保,6,1700,102.0,2022-01-10 00:00:00,59.6,63.8,1.02,93.41692789968653,109.0,0.1668120805369127,111.28,0.1912187919463086,富邦證券,電子零組件業,230,4939,2.905294117647059,21.47391304347826,2022/01/06,170.0,2022/01/21,189168260.0,0.5,115.25,111.28
83,2022-01-13 00:00:00,1532,15324,勤美四,37.6,15.0,3,無擔保,6,12750,100.5,2022-01-11 00:00:00,33.05,34.2,1.04,96.63742690058477,108.0,0.1175794251134648,110.04,0.1386892586989414,台新證券,電機機械,757,34721,2.72321568627451,45.8665785997358,2022/01/07,1275.0,2022/01/24,1403055610.0,0.5,117.5,110.04
84,2022-01-14 00:00:00,8367,83671,建新一,8.11,7.0,3,無擔保,6,5950,100.0,2022-01-12 00:00:00,49.0,55.0,1.0275,89.0909090909091,104.8,0.1763265306122448,106.94,0.2003469387755101,凱基證券,航運業,459,20488,3.443361344537815,44.63616557734205,2022/01/10,595.0,2022/01/25,636313800.0,0.5,116.0,106.94
85,2022-01-17 00:00:00,1533,15332,車王電二,9.85,10.0,3,無擔保,6,8500,100.0,2022-01-17 00:00:00,60.7,73.5,1.05,82.58503401360544,102.51,0.2412660626029655,109.58,0.3268747940691927,凱基證券,汽車工業,422,20345,2.393529411764706,48.21090047393365,2022/01/11,850.0,2022/01/26,896873940.0,0.5,115.0,105.51
86,2022-02-11 00:00:00,6187,61874,萬潤四,8.33,10.0,3,無擔保,5,8500,103.0,2022-02-09 00:00:00,126.0,127.0,1.027,99.21259842519686,111.46,0.1234460317460315,110.58,0.1145761904761904,台新證券,其他電子業,1279,38586,4.539529411764706,30.16888193901486,2022/02/07,850.0,2022/02/22,958665010.0,0.5,122.5,112.78
87,2022-02-17 00:00:00,1474,14742,弘裕二,13.0,3.0,3,無擔保,6,2550,102.0,2022-01-17 00:00:00,15.7,16.0,1.0224,98.125,106.8,0.08840764331210194,109.01,0.1109299363057326,兆豐證券,紡織纖維,289,6023,2.361960784313725,20.84083044982699,2022/01/11,255.0,2022/01/26,277970700.0,0.5,120.0,109.01
88,2022-02-18 00:00:00,1617,16173,榮星三,14.4,2.0,5,無擔保,6,1800,100.0,2022-02-16 00:00:00,17.95,18.5,1.0306,97.02702702702702,111.0,0.1440111420612815,111.8,0.1522562674094707,台新證券,電器電纜,520,11451,6.361666666666666,22.02115384615385,2022/02/14,180.0,2022/03/02,201234760.0,0.5,113.1,111.8
89,2022-03-11 00:00:00,2065,20652,世豐二,4.58,6.0,3,無擔保,5,5100,101.0,2022-03-09 00:00:00,50.3,61.0,1.1424,82.45901639344262,106.21,0.2880337972166997,107.64,0.3053757455268389,富邦證券,鋼鐵工業,599,17957,3.520980392156863,29.97829716193656,2022/03/07,510.0,2022/03/22,548940450.0,0.5,113.0,107.64
90,2022-03-16 00:00:00,2012,20121,春雨一,28.8,7.0,3,有擔保,6,5950,100.0,2022-03-14 00:00:00,31.55,37.5,1.1503,84.13333333333334,108.66,0.2915213946117272,111.31,0.3230190174326466,國票證券,鋼鐵工業,434,13173,2.213949579831933,30.35253456221198,2022/03/10,595.0,2022/03/25,662286860.0,0.5,115.68,111.31
91,2022-03-16 00:00:00,2012,20122,春雨二,28.8,5.0,3,有擔保,6,4250,100.0,2022-03-14 00:00:00,31.55,37.5,1.1503,84.13333333333334,108.76,0.2927099841521394,111.51,0.3253961965134706,國票證券,鋼鐵工業,351,9992,2.351058823529412,28.46723646723647,2022/03/10,425.0,2022/03/25,473930510.0,0.5,115.3,111.51
92,2022-03-16 00:00:00,2012,20123,春雨三,28.8,4.0,3,有擔保,6,3400,100.0,2022-03-14 00:00:00,31.55,37.5,1.1503,84.13333333333334,108.66,0.2915213946117272,111.25,0.3223058637083993,國票證券,鋼鐵工業,282,7714,2.268823529411765,27.35460992907801,2022/03/10,340.0,2022/03/25,378254850.0,0.5,115.58,111.25
93,2022-03-25 00:00:00,3707,37074,漢磊四,31.4,10.0,3,有擔保,7,8870,101.0,2022-03-23 00:00:00,130.5,118.8,1.025,109.8484848484849,123.26,0.1220910344827586,124.85,0.1365655172413791,凱基證券,半導體業,1402,36687,4.136076662908681,26.16761768901569,2022/03/21,887.0,2022/04/07,1107443300.0,1.0,136.81,124.85
94,2022-03-29 00:00:00,6670,66701,復盛一,13.1,15.0,3,無擔保,3,12750,102.0,2022-03-25 00:00:00,202.0,208.0,1.0345,97.11538461538461,110.68,0.1396752475247525,112.01,0.1533702970297031,富邦證券,運動休閒,1147,39987,3.136235294117647,34.86224934612031,2022/03/23,1275.0,2022/04/11,1428079540.0,0.5,124.0,112.01
95,2022-04-19 00:00:00,3548,35481,兆利一,6.01,4.0,3,無擔保,5,3425,101.0,2022-04-15 00:00:00,65.4,72.0,1.0286,90.83333333333334,108.52,0.1947155963302751,109.57,0.2062752293577981,永豐金證,電子零組件業,549,15913,4.646131386861314,28.98542805100182,2022/04/13,342.0,2022/04/28,375282180.0,0.5,112.13,109.57
96,2022-04-26 00:00:00,3687,36871,歐買尬一,3.01,6.0,3,有擔保,5,5100,102.0,2022-04-22 00:00:00,147.5,150.6,1.0459,97.94156706507304,111.56,0.1390465084745762,113.52,0.159058440677966,第一金證,數位雲端,572,16369,3.209607843137255,28.61713286713287,2022/04/20,510.0,2022/05/06,578964060.0,0.5,118.5,113.52
97,2022-04-29 00:00:00,4763,47633,材料KY三,5.86,5.0,5,無擔保,5,4250,101.0,2022-04-25 00:00:00,98.6,102.1,1.02,96.57198824681684,101.0,0.04585192697768758,102.73,0.06376602434077094,富邦證券,化學工業,101,2710,0.6376470588235295,26.83168316831683,2022/04/25,425.0,2022/05/11,278409540.0,0.5,111.3,101.0
98,2022-05-24 00:00:00,1342,13421,八貫一,6.78,2.0,3,有擔保,6,1780,100.0,2022-05-20 00:00:00,73.6,72.0,1.0381,102.2222222222222,111.52,0.09095652173913038,112.93,0.1047500000000001,元大證券,其他業,406,9568,5.375280898876404,23.56650246305419,2022/05/18,178.0,2022/06/02,201013900.0,0.5,121.57,112.93
99,2022-05-25 00:00:00,6570,65701,維田一,3.01,1.5,3,無擔保,6,1275,100.0,2022-05-23 00:00:00,40.5,40.8,1.02,99.26470588235294,103.1,0.03863703703703703,104.61,0.05384888888888884,中信證券,電腦及週邊設備業,158,3328,2.610196078431373,21.0632911392405,2022/05/19,127.0,2022/06/06,133372770.0,0.5,111.55,104.61
100,2022-05-27 00:00:00,5288,52881,豐祥一KY,6.58,5.0,3,無擔保,4,4260,100.0,2022-05-25 00:00:00,152.0,153.0,1.03,99.34640522875817,100.79,0.01453092105263165,103.82,0.04503026315789471,元大證券,電機機械,168,8179,1.919953051643192,48.68452380952381,2022/05/23,426.0,2022/06/08,442272670.0,0.5,116.1,103.82
101,2022-06-02 00:00:00,6134,61342,萬旭二,7.26,2.0,3,有擔保,7,1720,103.0,2022-05-31 00:00:00,25.0,21.6,1.02,115.7407407407407,113.89,-0.01599040000000007,116.23,0.004227199999999876,中信證券,電子零組件業,242,5920,3.441860465116279,24.46280991735537,2022/05/27,172.0,2022/06/14,199908830.0,1.0,122.2,116.23
102,2022-06-10 00:00:00,3645,36451,達邁一,13.1,6.0,3,無擔保,6,5220,101.0,2022-06-08 00:00:00,60.0,57.0,1.027,105.2631578947368,106.19,0.008804999999999952,108.67,0.03236499999999998,元大證券,電子零組件業,406,13737,2.631609195402299,33.83497536945813,2022/06/06,522.0,2022/06/21,567243770.0,0.5,124.5,108.67
103,2022-06-16 00:00:00,4168,41683,醣聯三,10.86,4.0,3,有擔保,7,3400,100.0,2022-06-14 00:00:00,26.8,27.5,1.0436,97.45454545454547,102.4,0.05074626865671639,105.16,0.07906716417910431,台新證券,生技醫療業,205,5075,1.492647058823529,24.75609756097561,2022/06/10,340.0,2022/06/27,357534190.0,0.5,113.95,105.16
104,2022-06-28 00:00:00,2497,24972,怡利電二,11.9,3.0,3,有擔保,7,2550,100.0,2022-06-24 00:00:00,80.3,85.0,1.0251,94.47058823529412,103.62,0.09684931506849326,104.97,0.1111394769613947,國票證券,汽車工業,299,7132,2.796862745098039,23.85284280936455,2022/06/22,255.0,2022/07/07,267664620.0,0.5,111.99,104.97
105,2022-07-11 00:00:00,8938,89383,明安三,13.5,10.0,3,無擔保,4,8500,102.0,2022-07-07 00:00:00,76.5,81.0,1.0227,94.44444444444444,102.0,0.08000000000000007,102.87,0.08921176470588232,台新證券,運動休閒,150,7124,0.8381176470588235,47.49333333333333,2022/07/05,850.0,2022/07/20,732872950.0,0.5,106.6,102.0
106,2022-07-12 00:00:00,6477,64774,安集四,11.4,10.0,5,無擔保,6,8500,100.0,2022-07-08 00:00:00,53.3,53.9,1.02,98.88682745825604,100.0,0.01125703564727942,100.91,0.02045947467166975,福邦證券,光電業,249,12402,1.459058823529412,49.80722891566265,2022/07/06,850.0,2022/07/21,857727990.0,0.5,107.0,100.91
107,2022-07-12 00:00:00,3209,32094,全科四,18.9,6.0,3,無擔保,6,5100,101.0,2022-07-08 00:00:00,36.3,38.2,1.0203,95.02617801047118,101.0,0.06286501377410492,101.31,0.06612727272727303,富邦證券,電子通路業,35,942,0.1847058823529412,26.91428571428571,2022/07/06,510.0,2022/07/21,95431360.0,0.5,106.25,101.0
108,2022-07-19 00:00:00,2641,26415,正德五,18.9,6.0,3,無擔保,6,5138,101.0,2022-07-15 00:00:00,19.85,19.99,1.02,99.29964982491248,101.0,0.01712342569269509,101.18,0.01893612090680086,台中銀證,航運業,91,2406,0.4682755936161931,26.43956043956044,2022/07/13,513.0,2022/07/28,243437180.0,0.5,105.37,101.0
109,2022-08-10 00:00:00,8442,84421,威宏KY一,6.0,3.0,3,無擔保,6,2569,102.0,2022-08-08 00:00:00,65.0,65.0,1.02,100.0,103.95,0.03950000000000009,105.71,0.05709999999999993,富邦證券,其他業,278,7034,2.738030362008564,25.30215827338129,2022/08/04,256.0,2022/08/19,271580070.0,0.5,115.0,105.71
110,2022-08-16 00:00:00,5245,52451,智晶一,4.5,3.0,3,有擔保,6,2700,102.0,2022-08-12 00:00:00,64.2,64.9,1.02,98.92141756548536,105.62,0.06771619937694706,107.29,0.08459828660436153,合庫證券,光電業,422,9586,3.55037037037037,22.71563981042654,2022/08/10,270.0,2022/08/25,289688740.0,1.0,111.0,107.29
111,2022-08-25 00:00:00,4555,45553,氣立三,6.7,6.0,3,有擔保,6,5100,103.5,2022-08-23 00:00:00,57.2,60.0,1.0563,95.33333333333334,103.5,0.08566433566433562,104.42,0.09531468531468512,富邦證券,電機機械,186,4567,0.8954901960784314,24.55376344086022,2022/08/19,510.0,2022/09/05,476870940.0,0.5,107.11,103.5
112,2022-08-31 00:00:00,6469,64692,大樹二,5.4,10.0,3,無擔保,4,8500,100.0,2022-08-31 00:00:00,295.0,304.98,1.02,96.7276542724113,101.89,0.05336990508474582,104.21,0.07735477288135595,統一證券,生技醫療業,377,15124,1.779294117647059,40.11671087533156,2022/08/25,850.0,2022/09/12,885772730.0,0.5,120.0,104.21
113,2022-09-19 00:00:00,6472,64722,保瑞二,5.41,8.0,5,有擔保,6,6800,100.0,2022-09-19 00:00:00,312.5,300.0,1.0204,104.1666666666667,104.1,-0.0006400000000000849,106.3,0.02047999999999983,台新證券,生技醫療業,577,14104,2.074117647058824,24.44367417677643,2022/09/13,680.0,2022/09/28,722827730.0,0.5,112.1,106.3
114,2022-09-19 00:00:00,2358,23581,廷鑫一,12.5,3.0,3,有擔保,8,2625,103.0,2022-09-19 00:00:00,14.9,15.15,1.0424,98.34983498349835,105.6,0.07371812080536899,106.63,0.08419093959731527,合庫證券,其他電子業,289,7052,2.686476190476191,24.40138408304498,2022/09/13,262.0,2022/09/28,279914920.0,1.0,109.0,106.63
115,2022-09-21 00:00:00,4416,44163,三圓三,6.04,10.0,5,有擔保,8,9500,100.5,2022-09-21 00:00:00,80.7,81.0,1.0227,99.62962962962963,100.5,0.008736059479553804,102.31,0.02690334572490705,第一金證,建材營造業,180,7066,0.7437894736842106,39.25555555555555,2022/09/15,950.0,2022/09/30,722931140.0,0.5,106.1,100.5
116,2022-09-22 00:00:00,4438,44382,廣越二,10.3,15.0,3,無擔保,4,12845,101.0,2022-09-22 00:00:00,130.5,138.0,1.0268,94.56521739130434,101.0,0.06804597701149429,101.64,0.07481379310344827,凱基證券,紡織纖維,302,13258,1.032152588555858,43.90066225165563,2022/09/16,1284.0,2022/10/03,1305597020.0,0.5,106.62,101.64
117,2022-10-13 00:00:00,4540,45401,全球傳動一,9.42,5.0,3,有擔保,6,4250,101.0,2022-10-13 00:00:00,33.9,40.5,1.0498,83.7037037037037,101.38,0.2111769911504426,102.23,0.2213318584070798,凱基證券,電機機械,268,9022,2.122823529411765,33.66417910447761,2022/10/06,425.0,2022/10/24,434478090.0,0.5,106.8,102.23
118,2022-10-20 00:00:00,6190,61906,萬泰科六,14.0,8.0,3,無擔保,6,6800,101.0,2022-10-20 00:00:00,32.55,36.2,1.0163,89.91712707182319,101.0,0.1232565284178189,101.89,0.1331545314900155,元富證券,通信網路業,90,3027,0.4451470588235294,33.63333333333333,2022/10/14,680.0,2022/10/31,239139410.0,0.5,105.56,101.0
119,2022-11-09 00:00:00,1599,15991,宏佳騰一,7.55,3.0,3,有擔保,5,2550,101.0,2022-11-09 00:00:00,41.0,43.3,1.05,94.68822170900694,101.88,0.07595219512195106,103.07,0.0885197560975608,富邦證券,電機機械,159,4213,1.652156862745098,26.49685534591195,2022/11/03,255.0,2022/11/18,262828070.0,0.5,108.0,103.07
120,2022-11-11 00:00:00,3290,32903,東浦三,9.95,3.0,3,有擔保,7,2700,100.0,2022-11-11 00:00:00,21.35,20.4,1.02,104.656862745098,106.5,0.01761124121779867,106.85,0.02095550351288056,統一證券,電子零組件業,239,9318,3.451111111111111,38.98744769874477,2022/11/07,270.0,2022/11/22,288487550.0,0.5,108.11,106.85
121,2022-11-11 00:00:00,8422,84221,可寧衛一,10.9,25.0,5,無擔保,4,21250,101.0,2022-11-11 00:00:00,170.0,170.0,1.0204,100.0,101.02,0.01019999999999999,102.37,0.02370000000000005,台新證券,綠能環保,374,22182,1.043858823529412,59.31016042780749,2022/11/07,2125.0,2022/11/22,2175308810.0,0.5,106.22,102.37
122,2022-11-17 00:00:00,5225,52251,東科KY一,6.14,3.5,3,有擔保,6,3150,101.0,2022-11-17 00:00:00,40.5,39.2,1.03,103.3163265306122,104.89,0.01523160493827169,106.42,0.03004049382716056,凱基證券,其他電子業,302,9454,3.001269841269841,31.3046357615894,2022/11/11,315.0,2022/11/28,335224810.0,0.5,110.0,106.42
123,2022-11-28 00:00:00,4744,47442,皇將二,4.72,1.5,3,有擔保,6,1380,100.0,2022-11-28 00:00:00,25.85,27.0,1.0377,95.74074074074075,103.89,0.08511798839458407,104.82,0.09483172147001917,福邦證券,生技醫療業,210,5457,3.954347826086956,25.98571428571428,2022/11/22,138.0,2022/12/07,144656600.0,1.0,107.11,104.82
124,2022-12-01 00:00:00,3023,30238,信邦八,23.3,10.0,3,無擔保,4,8500,101.0,2022-12-01 00:00:00,269.0,286.5,1.04,93.89179755671903,103.2,0.09913754646840145,104.5,0.1129832713754646,台新證券,電子零組件業,408,18825,2.214705882352941,46.13970588235294,2022/11/25,850.0,2022/12/12,888290480.0,0.5,107.89,104.5
125,2022-12-01 00:00:00,4540,45402,全球傳動二,9.42,3.0,3,無擔保,6,2550,100.0,2022-12-01 00:00:00,35.75,37.0,1.0221,96.62162162162163,100.0,0.034965034965035,100.17,0.03672447552447555,凱基證券,電機機械,87,3340,1.309803921568627,38.39080459770115,2022/11/25,255.0,2022/12/12,255426270.0,0.5,102.1,100.17
126,2022-12-05 00:00:00,6593,65931,台灣銘版一,2.02,3.0,3,有擔保,7,2550,100.0,2022-12-05 00:00:00,39.75,37.8,1.02,105.1587301587302,107.7,0.02416603773584902,109.71,0.04327999999999999,統一證券,資訊服務業,184,7133,2.797254901960784,38.76630434782609,2022/11/29,255.0,2022/12/14,279766660.0,0.5,120.0,109.71
127,2022-12-20 00:00:00,4968,49681,立積一,6.32,3.0,3,無擔保,4,2550,101.0,2022-07-18 00:00:00,138.0,137.2,1.02,100.5830903790087,103.38,0.02780695652173915,104.98,0.04371420289855088,台新證券,半導體業,228,5931,2.325882352941176,26.01315789473684,2022/07/14,255.0,2022/07/29,267710450.0,0.5,110.2,104.98
128,2022-12-27 00:00:00,2230,22304,泰茂四,3.99,3.0,3,有擔保,8,2700,100.0,2022-12-23 00:00:00,30.1,29.0,1.0255,103.7931034482759,109.95,0.05931893687707657,110.42,0.06384717607973434,統一證券,電機機械,329,8984,3.327407407407407,27.30699088145897,2022/12/21,270.0,2023/01/06,298144150.0,0.5,111.5,110.42
129,2022-12-30 00:00:00,6486,64862,互動二,3.88,6.0,3,有擔保,6,5100,101.0,2022-12-28 00:00:00,62.8,60.7,1.02,103.4596375617792,104.23,0.007446019108280355,106.15,0.02600398089171985,富邦證券,通信網路業,302,8601,1.686470588235294,28.48013245033113,2022/12/26,510.0,2023/01/11,541348980.0,0.5,120.0,106.15
130,2023-02-09 00:00:00,1589,15894,永冠四KY,11.1,15.0,5,無擔保,6,13500,100.0,2023-02-07 00:00:00,67.7,62.3,1.0213,108.6677367576244,100.51,-0.07507045790251099,104.23,-0.04083766617429829,永豐金證,電機機械,409,15003,1.111333333333333,36.68215158924205,2023/02/03,1350.0,2023/02/20,1407155910.0,0.5,112.52,104.23
131,2023-02-24 00:00:00,3533,35332,嘉澤二,10.3,10.0,3,無擔保,4,8800,102.0,2023-02-22 00:00:00,818.0,862.1,1.02,94.88458415497043,106.59,0.1233647799511002,108.14,0.1397004156479218,元大證券,電子零組件業,837,34481,3.918295454545455,41.19593787335723,2023/02/20,880.0,2023/03/09,951609470.0,0.6,120.0,108.14
132,2023-03-10 00:00:00,3663,36633,鑫科三,7.35,2.0,3,有擔保,6,1700,101.5,2023-03-08 00:00:00,30.5,30.9,1.035,98.70550161812298,108.11,0.09527836065573769,109.8,0.1123999999999998,富邦證券,其他電子業,355,9433,5.548823529411765,26.57183098591549,2023/03/06,170.0,2023/03/21,186655190.0,0.5,129.0,109.8
133,2023-03-10 00:00:00,5450,54501,南良一,12.2,5.0,5,有擔保,7,4250,100.5,2023-03-08 00:00:00,21.15,18.8,1.0256,112.5,113.28,0.00693333333333368,116.23,0.03315555555555583,富邦證券,其他業,456,13528,3.183058823529412,29.66666666666667,2023/03/06,425.0,2023/03/21,493967970.0,0.5,125.65,116.23
134,2023-04-17 00:00:00,4123,41236,晟德六,45.9,7.0,5,有擔保,6,5950,100.0,2023-04-13 00:00:00,48.3,48.0,1.0408,100.625,109.1,0.08422360248447225,110.08,0.09396273291925472,元富證券,生技醫療業,681,21349,3.588067226890757,31.34948604992658,2023/04/11,595.0,2023/04/26,654998900.0,0.5,125.6,110.08
135,2023-05-15 00:00:00,2421,24213,建準三,25.1,12.0,5,無擔保,5,10200,100.0,2023-05-11 00:00:00,65.0,54.9,1.0353,118.3970856102004,113.52,-0.04119261538461538,115.52,-0.02430030769230773,台新證券,電子零組件業,620,23927,2.34578431372549,38.59193548387097,2023/05/09,1020.0,2023/05/24,1178337000.0,0.5,121.13,115.52
136,2023-05-19 00:00:00,4129,41294,聯合四,8.81,5.0,3,無擔保,6,4250,100.0,2023-05-17 00:00:00,62.5,61.7,1.021,101.2965964343598,105.03,0.03685616000000014,106.57,0.05205904000000006,凱基證券,生技醫療業,443,15667,3.68635294117647,35.36568848758465,2023/05/15,425.0,2023/05/30,452918350.0,0.5,114.0,106.57
137,2023-05-24 00:00:00,4906,49066,正文六,36.3,15.0,3,無擔保,6,13201,101.0,2023-05-22 00:00:00,30.5,30.8,1.022,99.02597402597402,102.33,0.03336524590163936,103.82,0.04841180327868844,凱基證券,通信網路業,535,23142,1.753049011438527,43.25607476635514,2023/05/18,1320.0,2023/06/02,1370592120.0,0.5,110.01,103.82
138,2023-05-31 00:00:00,9906,99061,欣巴巴一,8.33,2.0,3,有擔保,8,1700,101.0,2023-05-29 00:00:00,50.8,53.8,1.1002,94.42379182156134,108.83,0.1525696850393701,110.0,0.1649606299212598,統一證券,建材營造業,213,5818,3.422352941176471,27.31455399061033,2023/05/25,170.0,2023/06/09,187007330.0,0.5,115.0,110.0
139,2023-06-05 00:00:00,6279,62791,胡連一,9.97,15.0,3,無擔保,4,12750,102.0,2023-06-01 00:00:00,148.0,146.5,1.0209,101.0238907849829,107.21,0.06123412162162167,108.61,0.07509222972972984,永豐金證,電子零組件業,1044,34318,2.691607843137255,32.87164750957854,2023/05/30,1275.0,2023/06/14,1384715900.0,0.5,138.88,108.61
140,2023-06-07 00:00:00,3617,36172,碩天二,8.1,12.0,5,無擔保,5,10200,100.0,2023-06-05 00:00:00,199.5,200.0,1.0246,99.75,105.5,0.05764411027568928,107.64,0.07909774436090222,宏遠證券,其他電子業,652,23369,2.291078431372549,35.8420245398773,2023/06/01,1020.0,2023/06/16,1097954960.0,0.5,150.0,107.64
141,2023-06-08 00:00:00,6804,68041,明係一,3.5,2.0,3,無擔保,6,1700,102.0,2023-06-06 00:00:00,71.1,73.8,1.0351,96.34146341463415,102.93,0.06838734177215189,104.24,0.0819848101265821,兆豐證券,運動休閒,171,4158,2.445882352941176,24.31578947368421,2023/06/02,170.0,2023/06/19,177199790.0,0.5,109.0,104.24
142,2023-06-09 00:00:00,3587,35871,閎康一,6.23,6.0,3,無擔保,4,5100,102.0,2023-06-07 00:00:00,231.5,218.0,1.0337,106.1926605504587,112.53,0.05967775377969775,113.69,0.07060129589632824,元大證券,其他電子業,951,30207,5.922941176470588,31.76340694006309,2023/06/05,510.0,2023/06/20,579832050.0,0.5,150.0,113.69
143,2023-06-12 00:00:00,5608,56086,四維航六,27.9,5.0,3,無擔保,7,4250,100.0,2023-06-08 00:00:00,23.55,23.8,1.0312,98.94957983193278,105.22,0.06336985138004247,107.71,0.08853418259023349,永豐金證,航運業,293,8696,2.046117647058824,29.67918088737201,2023/06/06,425.0,2023/06/21,457763900.0,0.5,112.32,107.71
144,2023-06-21 00:00:00,3092,30922,鴻碩二,9.08,2.5,3,無擔保,7,2125,100.0,2023-06-19 00:00:00,39.0,37.6,1.022,103.7234042553191,105.1,0.01327179487179486,107.33,0.03477128205128222,凱基證券,電子零組件業,439,10219,4.808941176470588,23.27790432801822,2023/06/15,212.0,2023/07/04,228066890.0,0.5,113.25,107.33
145,2023-07-13 00:00:00,5230,52303,雷迪克三,4.7,3.0,3,無擔保,7,2550,101.5,2023-07-11 00:00:00,24.35,23.6,1.02,103.1779661016949,110.68,0.0727096509240246,111.88,0.08434004106776172,富邦證券,光電業,545,14459,5.670196078431372,26.5302752293578,2023/07/07,255.0,2023/07/24,285286060.0,0.5,114.0,111.88
146,2023-07-20 00:00:00,2066,20662,世德二,3.65,4.0,3,無擔保,6,3400,101.5,2023-07-18 00:00:00,103.0,101.0,1.0177,101.980198019802,109.0,0.06883495145631069,109.91,0.07775825242718448,統一證券,電機機械,582,14802,4.353529411764706,25.43298969072165,2023/07/14,340.0,2023/07/31,373682990.0,0.5,113.0,109.91
147,2023-07-20 00:00:00,9958,99586,世紀剛六,23.1,15.0,3,無擔保,5,13410,100.0,2023-07-18 00:00:00,141.5,141.0,1.0203,100.354609929078,105.33,0.0495780918727915,107.77,0.07389187279151943,永豐金證,鋼鐵工業,766,25776,1.922147651006711,33.65013054830287,2023/07/14,1341.0,2023/07/31,1445189830.0,0.5,128.0,107.77
148,2023-07-26 00:00:00,6472,64723,保瑞三,5.41,17.0,5,無擔保,6,14450,100.0,2023-04-24 00:00:00,1010.0,808.0,1.0298,125.0,115.74,-0.07408000000000003,119.35,-0.04520000000000002,台新證券,生技醫療業,801,24035,1.663321799307959,30.00624219725343,2023/07/20,1445.0,2023/08/04,1724565020.0,0.5,132.5,119.35
149,2023-08-07 00:00:00,2236,22362,百達二KY,4.58,2.0,3,無擔保,7,1700,100.5,2023-08-07 00:00:00,64.5,66.0,1.0307,97.72727272727273,101.52,0.03880930232558133,103.79,0.06203720930232559,台新證券,汽車工業,137,2540,1.494117647058824,18.54014598540146,2023/08/03,170.0,2023/08/18,176447120.0,0.5,110.0,103.79
150,2023-08-14 00:00:00,3088,30882,艾訊二,8.34,8.0,3,無擔保,5,7020,100.0,2023-08-15 00:00:00,97.7,109.5,1.0234,89.22374429223746,104.2,0.1678505629477993,106.0,0.1880245649948822,凱基證券,電腦及週邊設備業,643,24370,3.471509971509971,37.900466562986,2023/08/11,702.0,2023/08/28,744123380.0,0.5,115.0,106.0
151,2023-08-16 00:00:00,6796,67961,晉弘一,3.5,2.0,3,無擔保,7,1780,100.0,2023-08-14 00:00:00,106.5,123.0,1.0486,86.58536585365853,102.55,0.184380281690141,104.16,0.202974647887324,福邦證券,生技醫療業,213,7289,4.094943820224719,34.2206572769953,2023/08/10,178.0,2023/08/25,185403370.0,0.5,115.0,104.16
152,2023-08-21 00:00:00,1586,15864,和勤四,8.42,2.0,3,有擔保,7,1720,100.0,2023-08-17 00:00:00,31.4,33.39,1.05,94.04013177598083,106.11,0.1283480573248408,107.2,0.1399388535031849,合庫證券,電機機械,180,4730,2.75,26.27777777777778,2023/08/15,172.0,2023/08/30,184381070.0,1.0,112.22,107.2
153,2023-08-31 00:00:00,2436,24361,偉詮電一,17.8,11.0,3,無擔保,5,9350,101.0,2023-08-29 00:00:00,66.7,61.2,1.0291,108.9869281045752,110.1,0.0102128935532233,112.15,0.0290224887556223,台新證券,半導體業,784,26455,2.829411764705883,33.74362244897959,2023/08/25,935.0,2023/09/11,1048604110.0,0.5,119.91,112.15
154,2023-09-08 00:00:00,1526,15261,日馳一,6.0,5.0,3,無擔保,6,4250,101.0,2023-09-06 00:00:00,36.05,38.0,1.0683,94.86842105263158,102.12,0.07643828016643561,103.81,0.09425242718446603,富邦證券,電機機械,284,6527,1.535764705882353,22.98239436619718,2023/09/04,425.0,2023/09/19,441204380.0,0.5,108.2,103.81
155,2023-09-11 00:00:00,2906,29061,高林一,20.9,10.0,3,無擔保,5,9000,100.0,2023-09-07 00:00:00,17.85,18.0,1.021,99.16666666666667,104.23,0.05105882352941182,105.28,0.06164705882352939,元富證券,貿易百貨業,597,20869,2.318777777777778,34.95644891122278,2023/09/05,900.0,2023/09/20,947521540.0,0.5,110.82,105.28
156,2023-09-26 00:00:00,5209,52091,新鼎一,2.73,3.0,3,無擔保,5,2677,102.0,2023-09-22 00:00:00,172.0,177.0,1.0226,97.17514124293785,108.43,0.1158203488372094,109.46,0.1264197674418603,凱基證券,其他業,631,17316,6.468434815091521,27.44215530903328,2023/09/20,267.0,2023/10/06,293026870.0,0.5,112.5,109.46
157,2023-10-11 00:00:00,8442,84422,威宏二KY,6.0,4.0,3,有擔保,6,3415,102.0,2023-10-05 00:00:00,85.1,84.3,1.02,100.9489916963227,110.44,0.09401786133960055,111.6,0.1055088131609871,富邦證券,其他業,499,13972,4.091361639824305,28.0,2023/09/28,341.0,2023/10/19,381125480.0,0.5,115.5,111.6
158,2023-10-17 00:00:00,6585,65851,鼎基一,6.92,5.0,3,有擔保,6,4350,102.0,2023-10-13 00:00:00,118.0,120.9,1.05,97.60132340777503,110.69,0.134103474576271,111.96,0.1471155932203387,第一金證,其他業,487,13122,3.016551724137931,26.94455852156057,2023/10/11,435.0,2023/10/26,487025980.0,0.5,120.56,111.96
159,2023-10-18 00:00:00,3006,30061,晶豪科一,28.6,10.0,3,無擔保,5,8500,101.0,2023-10-16 00:00:00,93.9,85.6,1.0249,109.696261682243,113.88,0.0381392971246004,115.42,0.05217806176783801,凱基證券,半導體業,1008,36256,4.265411764705882,35.96825396825397,2023/10/12,850.0,2023/10/27,981040090.0,0.5,121.7,115.42
160,2023-10-30 00:00:00,5306,53064,桂盟四,12.6,10.0,3,有擔保,4,8520,100.0,2023-10-26 00:00:00,126.5,130.5,1.0235,96.93486590038314,106.3,0.09661264822134386,108.44,0.1186893280632411,凱基證券,運動休閒,503,21802,2.558920187793427,43.34393638170974,2023/10/24,852.0,2023/11/08,923929400.0,0.5,131.0,108.44
161,2023-11-01 00:00:00,2063,20632,世鎧二,5.0,6.0,3,無擔保,5,5400,100.5,2023-10-30 00:00:00,43.9,55.0,1.0583,79.81818181818181,105.15,0.317369020501139,107.32,0.3445558086560365,富邦證券,鋼鐵工業,292,9868,1.827407407407407,33.7945205479452,2023/10/26,540.0,2023/11/10,579547930.0,0.5,111.38,107.32
162,2023-11-07 00:00:00,3013,30133,晟銘電三,15.6,4.0,3,有擔保,7,3400,101.0,2023-11-03 00:00:00,43.8,43.5,1.02,100.6896551724138,112.23,0.1146130136986301,112.3,0.1153082191780821,中信證券,電腦及週邊設備業,410,13088,3.849411764705883,31.9219512195122,2023/11/01,340.0,2023/11/16,381809530.0,1.0,118.0,112.3
163,2023-11-13 00:00:00,6806,68061,森崴一,21.6,30.0,3,有擔保,9,28350,100.0,2023-11-09 00:00:00,108.5,114.0,1.0962,95.17543859649122,102.9,0.0811612903225809,105.76,0.1112110599078342,福邦證券,綠能環保,917,45146,1.592451499118166,49.23227917121047,2023/11/07,2835.0,2023/11/22,2998205890.0,0.5,115.5,105.76
164,2023-11-16 00:00:00,4566,45663,時碩三,8.2,8.0,3,無擔保,5,6935,100.0,2023-11-14 00:00:00,51.5,52.0,1.0271,99.03846153846155,104.21,0.05221747572815527,106.15,0.0718058252427185,凱基證券,電機機械,513,17407,2.510021629416006,33.9317738791423,2023/11/10,693.0,2023/11/27,736158820.0,0.5,122.0,106.15
165,2023-11-21 00:00:00,6126,61263,信音三,11.7,5.0,3,無擔保,6,4750,100.0,2023-11-17 00:00:00,27.7,28.0,1.0383,98.92857142857142,102.6,0.03711191335740072,104.18,0.05308303249097501,元大證券,電子零組件業,257,6743,1.419578947368421,26.23735408560311,2023/11/15,475.0,2023/11/30,494875580.0,0.5,107.0,104.18
166,2023-11-24 00:00:00,2368,23682,金像電二,49.2,40.0,5,無擔保,4,34000,105.0,2023-11-22 00:00:00,221.0,223.1,1.02,99.05871806364858,105.12,0.06118877828054314,107.16,0.0817826244343891,富邦證券,電子零組件業,797,42859,1.260558823529412,53.77540777917189,2023/11/20,3400.0,2023/12/05,3643279440.0,0.5,130.0,107.16
167,2023-11-27 00:00:00,8996,89964,高力四,8.9,10.0,5,無擔保,5,8500,101.0,2023-11-23 00:00:00,245.0,240.0,1.039,102.0833333333333,111.6,0.09322448979591846,113.8,0.1147755102040817,兆豐證券,電機機械,1031,34645,4.075882352941177,33.60329776915616,2023/11/21,850.0,2023/12/06,967263040.0,0.5,220.0,113.8
168,2023-12-04 00:00:00,2427,24271,三商電一,19.7,5.0,5,無擔保,7,4250,102.0,2023-11-30 00:00:00,27.25,27.32,1.0249,99.74377745241581,102.0,0.02262018348623851,102.68,0.02943765137614696,台新證券,資訊服務業,146,4322,1.016941176470588,29.6027397260274,2023/11/28,425.0,2023/12/13,400144360.0,0.5,118.0,102.0
169,2023-12-05 00:00:00,6284,62843,佳邦一,14.9,7.0,3,無擔保,5,5950,102.0,2023-12-01 00:00:00,85.3,92.0,1.1,92.71739130434781,107.61,0.1606236811254398,108.68,0.172164126611958,台新證券,電子零組件業,809,23952,4.025546218487395,29.60692212608158,2023/11/29,595.0,2023/12/14,646625280.0,0.5,115.0,108.68
170,2023-12-07 00:00:00,3522,35221,御頂一,6.3,1.5,3,有擔保,9,1350,101.0,2023-12-05 00:00:00,21.0,19.5,1.029,107.6923076923077,112.68,0.04631428571428575,113.62,0.05504285714285717,兆豐證券,觀光餐旅,260,7420,5.496296296296296,28.53846153846154,2023/12/01,135.0,2023/12/18,153382480.0,0.5,118.0,113.62
171,2023-12-08 00:00:00,8488,84881,吉源一KY,6.8,3.0,3,有擔保,7,2550,101.0,2023-12-06 00:00:00,18.6,18.5,1.025,100.5405405405406,102.71,0.02157795698924714,104.67,0.04107258064516106,玉山證券,其他業,191,5497,2.155686274509804,28.78010471204189,2023/12/04,255.0,2023/12/19,266913480.0,0.5,112.83,104.67
172,2023-12-26 00:00:00,6015,60152,宏遠證二,35.1,6.0,5,無擔保,BBB,6000,100.0,2023-12-22 00:00:00,10.85,10.92,1.0205,99.35897435897436,100.05,0.006954838709677391,101.36,0.02013935483870966,凱基證券,證券業,200,11413,1.902166666666667,57.065,2023/12/20,600.0,2024/01/05,608160270.0,0.5,107.1,101.36
173,2023-12-27 00:00:00,3548,35482,兆利二,6.61,8.0,3,無擔保,5,7200,101.0,2023-12-25 00:00:00,195.5,199.0,1.0311,98.24120603015075,112.12,0.1412726342710999,113.2,0.1522659846547316,永豐金證,電子零組件業,1246,42464,5.897777777777778,34.08025682182986,2023/12/21,720.0,2024/01/08,815044010.0,0.5,118.91,113.2
174,2024-01-09 00:00:00,6715,67152,嘉基二,6.26,3.0,3,無擔保,5,2550,100.0,2024-01-05 00:00:00,157.5,168.0,1.0213,93.75,113.87,0.2146133333333333,114.74,0.2238933333333333,中信證券,電子零組件業,848,22565,8.849019607843138,26.60966981132075,2024/01/03,255.0,2024/01/18,292598840.0,0.5,117.38,114.74
175,2024-01-10 00:00:00,8210,82101,勤誠一,12.06,10.0,3,無擔保,4,8974,102.0,2024-01-08 00:00:00,242.5,271.0,1.0207,89.48339483394834,108.1,0.2080453608247421,109.69,0.2258140206185566,元大證券,電腦及週邊設備業,862,32252,3.593938043236015,37.41531322505801,2024/01/04,897.0,2024/01/19,984373650.0,0.5,158.0,109.69
176,2024-01-11 00:00:00,3479,34793,安勤三,7.24,6.5,3,無擔保,5,5700,100.0,2024-01-09 00:00:00,112.0,121.5,1.0225,92.18106995884774,108.5,0.17703125,109.53,0.1882049107142856,凱基證券,電腦及週邊設備業,616,25637,4.497719298245614,41.61850649350649,2024/01/05,570.0,2024/01/22,624292740.0,0.5,116.87,109.53
177,2024-01-17 00:00:00,4967,49673,十銓三,7.15,12.0,3,有擔保,6,10800,102.0,2024-01-15 00:00:00,85.2,81.0,1.0214,105.1851851851852,114.16,0.08532394366197193,116.16,0.1043380281690141,永豐金證,半導體業,885,31244,2.892962962962963,35.30395480225989,2024/01/11,1080.0,2024/01/26,1254497820.0,0.5,121.19,116.16
178,2024-01-17 00:00:00,2476,24762,鉅祥二,19.08,10.0,3,無擔保,4,8500,102.0,2024-01-15 00:00:00,73.6,72.2,1.02,101.9390581717451,112.51,0.1036986413043481,113.8,0.1163532608695654,中信證券,電子零組件業,792,29362,3.454352941176471,37.07323232323233,2024/01/11,850.0,2024/01/26,967266980.0,0.5,121.1,113.8
179,2024-02-21 00:00:00,5263,52635,智崴五,6.48,8.0,3,有擔保,7,6800,100.0,2024-02-19 00:00:00,115.5,112.0,1.0228,103.125,112.94,0.09517575757575747,114.83,0.1135030303030302,台新證券,文化創意業,692,28230,4.151470588235294,40.79479768786127,2024/02/15,680.0,2024/03/04,780836290.0,0.5,117.0,114.83
180,2024-02-21 00:00:00,5321,53211,美而快一,4.95,2.0,3,無擔保,7,1700,100.0,2024-02-19 00:00:00,88.3,92.0,1.0351,95.97826086956522,104.0,0.08357870894677233,105.95,0.1038958097395244,台新證券,數位雲端,212,5336,3.138823529411765,25.16981132075472,2024/02/15,170.0,2024/03/04,180116430.0,0.5,116.3,105.95
181,2024-02-26 00:00:00,6150,61506,撼訊六,4.83,4.0,3,無擔保,8,3400,100.0,2024-02-22 00:00:00,91.6,90.2,1.02,101.5521064301552,104.0,0.0241048034934499,105.95,0.0433067685589521,宏遠證券,電腦及週邊設備業,321,9991,2.938529411764706,31.12461059190031,2024/02/20,340.0,2024/03/07,362909500.0,0.5,111.88,106.74
182,2024-02-26 00:00:00,3272,32723,東碩三,6.12,3.0,5,無擔保,6,2550,100.0,2024-02-22 00:00:00,34.05,34.2,1.02,99.56140350877192,104.0,0.04458149779735687,105.95,0.06416740088105732,凱基證券,電腦及週邊設備業,363,11968,4.693333333333333,32.96969696969697,2024/02/20,255.0,2024/03/07,277763680.0,0.5,114.5,108.93
183,2024-02-29 00:00:00,8092,80924,建暐四,5.18,1.7,3,有擔保,9,1530,100.0,2024-02-26 00:00:00,21.0,14.5,1.0211,144.8275862068965,137.0,-0.05404761904761901,139.45,-0.03713095238095243,國票證券,其他電子業,297,8859,5.790196078431372,29.82828282828283,2024/02/22,153.0,2024/03/11,213351730.0,0.5,150.0,139.45
184,2024-05-13 00:00:00,3483,34834,力致四,8.61,2.0,3,無擔保,6,1700,101.0,2024-05-09 00:00:00,162.0,168.0,1.0489,96.42857142857143,117.11,0.214474074074074,118.57,0.2296148148148147,永豐金證,電腦及週邊設備業,847,18767,11.03941176470588,22.15702479338843,2024/05/07,170.0,2024/05/22,201571750.0,0.5,175.0,118.57
185,2024-05-15 00:00:00,8433,84332,弘帆二,5.38,1.0,3,無擔保,6,850,100.0,2024-05-13 00:00:00,98.4,102.0,1.02,96.47058823529412,112.69,0.1681280487804877,114.11,0.1828475609756097,玉山證券,居家生活,217,4649,5.469411764705883,21.42396313364055,2024/05/09,85.0,2024/05/24,96995240.0,0.5,118.7,114.11
186,2024-05-16 00:00:00,6840,68401,東研信超,2.53,2.0,3,無擔保,6,1765,100.0,2024-05-14 00:00:00,72.0,73.4,1.0209,98.0926430517711,102.0,0.03983333333333339,105.36,0.07408666666666686,康和證券,其他電子業,73,2501,1.41699716713881,34.26027397260274,2024/05/10,176.0,2024/05/27,185965080.0,0.5,115.5,105.36
187,2024-05-16 00:00:00,6117,61171,迎廣,8.87,5.0,3,無擔保,8,4250,100.0,2024-05-14 00:00:00,88.3,84.0,1.021,105.1190476190476,108.2,0.02930917327293314,111.35,0.05927519818799531,台新證券,電腦及週邊設備業,378,11705,2.754117647058823,30.96560846560847,2024/05/10,425.0,2024/05/27,473245760.0,0.5,119.33,111.35
188,2024-05-21 00:00:00,8467,84672,波力KY二,5.13,2.0,3,有擔保,6,1785,100.0,2024-05-17 00:00:00,175.0,193.6,1.1,90.39256198347107,112.3,0.2423588571428572,114.7,0.2689097142857144,富邦證券,運動休閒,316,7982,4.471708683473389,25.25949367088608,2024/05/15,178.0,2024/05/30,204740980.0,0.5,122.1,114.7
189,2024-05-22 00:00:00,6515,65151,穎崴一,3.48,10.0,3,無擔保,5,8500,103.0,2024-05-20 00:00:00,862.0,886.0,1.02,97.29119638826185,115.06,0.1826352668213458,116.37,0.1960999999999999,凱基證券,半導體業,1093,42297,4.976117647058824,38.69807868252516,2024/05/16,850.0,2024/05/31,989124920.0,0.5,150.0,116.37
190,2024-06-07 00:00:00,3583,35832,辛耘二,8.03,10.0,3,無擔保,5,8500,100.0,2024-06-05 00:00:00,327.0,347.5,1.02,94.10071942446044,116.2,0.2348470948012231,117.07,0.2440925076452598,富邦證券,半導體業,1271,52260,6.148235294117647,41.11723052714398,2024/06/03,850.0,2024/06/19,995128300.0,0.7,123.0,117.07
191,2024-06-12 00:00:00,6125,61255,廣運五,24.9,6.0,3,無擔保,6,5100,102.0,2024-06-07 00:00:00,115.5,114.0,1.0224,101.3157894736842,116.8,0.1528311688311688,118.47,0.1693142857142858,元大證券,光電業,1110,37410,7.335294117647059,33.7027027027027,2024/06/05,510.0,2024/06/21,604203250.0,0.7,130.2,118.47
192,2024-06-13 00:00:00,1560,15601,中砂一,14.51,10.0,5,無擔保,4,8500,101.0,2024-06-11 00:00:00,281.0,292.1,1.02,96.19993153029783,117.59,0.2223501423487546,118.38,0.230562206405694,凱基證券,電機機械,1203,47963,5.642705882352941,39.86949293433084,2024/06/06,850.0,2024/06/24,1006198670.0,0.5,250.0,118.38
193,2024-06-24 00:00:00,6509,65096,聚和六,17.35,5.0,3,無擔保,5,4250,100.0,2024-06-20 00:00:00,42.0,41.5,1.03,101.2048192771084,113.39,0.1204011904761906,115.46,0.140854761904762,凱基證券,化學工業,648,23856,5.613176470588235,36.81481481481482,2024/06/18,425.0,2024/07/03,490711700.0,0.5,120.89,115.46
194,2024-06-26 00:00:00,6624,66241,萬年清一,2.09,1.0,3,有擔保,7,850,101.0,2024-06-24 00:00:00,39.6,42.2,1.03,93.8388625592417,111.03,0.1831984848484849,113.98,0.2146353535353536,玉山證券,綠能環保,150,3646,4.289411764705882,24.30666666666667,2024/06/20,85.0,2024/07/05,96880960.0,0.5,123.0,113.98
195,2024-07-01 00:00:00,6187,61875,萬潤五,9.01,5.0,3,無擔保,5,4250,104.0,2024-06-27 00:00:00,263.0,288.0,1.0997,91.31944444444444,118.69,0.2997231939163498,119.63,0.3100167300380228,兆豐證券,其他電子業,1091,37764,8.88564705882353,34.6141154903758,2024/06/25,425.0,2024/07/10,508441750.0,0.7,158.0,119.63
196,2024-07-04 00:00:00,8478,84781,東哥一,8.89,15.0,3,無擔保,5,12750,100.0,2024-07-02 00:00:00,415.5,392.2,1.02,105.9408465068842,117.24,0.1066553068592058,119.19,0.1250618050541517,凱基證券,運動休閒,1199,42763,3.353960784313725,35.66555462885738,2024/06/28,1275.0,2024/07/15,1519688420.0,0.5,331.0,119.19
197,2024-07-05 00:00:00,3362,33621,先進光一,14.25,12.0,5,有擔保,6,10200,102.0,2024-07-03 00:00:00,267.0,254.0,1.02,105.1181102362205,121.88,0.1594576779026218,123.26,0.1725857677902625,中信證券,光電業,1126,40154,3.936666666666667,35.6607460035524,2024/07/01,1020.0,2024/07/16,1257260300.0,1.0,211.0,123.26
198,2024-07-05 00:00:00,4572,45721,駐龍一,3.9,5.0,3,無擔保,6,4250,100.0,2024-07-03 00:00:00,161.5,175.0,1.1218,92.28571428571428,114.8,0.2439628482972136,116.21,0.2592414860681116,台新證券,電機機械,656,19337,4.549882352941176,29.47713414634146,2024/07/01,425.0,2024/07/16,493887420.0,0.5,123.88,116.21
199,2024-07-11 00:00:00,2439,24395,美律五,22.42,5.0,3,無擔保,3,4250,100.0,2024-07-09 00:00:00,141.0,139.0,1.02,101.4388489208633,118.89,0.172036170212766,120.31,0.1860347517730496,富邦證券,通信網路業,672,19467,4.580470588235294,28.96875,2024/07/05,425.0,2024/07/22,511303890.0,0.5,127.5,120.31
200,2024-07-12 00:00:00,9933,99332,中鼎二,81.03,60.0,5,無擔保,3,51006,102.0,2024-07-10 00:00:00,52.2,53.9,1.0208,96.84601113172543,102.95,0.06302777777777768,104.82,0.08233678160919511,國泰證券,其他業,1198,91716,1.798141395129985,76.55759599332221,2024/07/08,5100.0,2024/07/23,5346565560.0,0.5,120.1,104.82
201,2024-07-17 00:00:00,2641,26417,正德七,30.39,5.9,3,無擔保,6,5015,101.0,2024-07-15 00:00:00,20.4,22.7,1.02,89.86784140969164,102.69,0.1426779411764705,104.88,0.1670470588235293,群益證券,航運業,220,10432,2.080159521435693,47.41818181818182,2024/07/11,501.0,2024/07/26,525993010.0,0.5,120.0,104.88
202,2024-07-22 00:00:00,6269,62695,台郡五,32.25,20.0,3,無擔保,4,17000,100.0,2024-07-18 00:00:00,95.0,93.0,1.0288,102.1505376344086,113.17,0.1078747368421051,115.07,0.1264747368421051,元大證券,電子零組件業,1067,55394,3.258470588235294,51.91565135895033,2024/07/16,1700.0,2024/08/02,1956252970.0,0.5,120.87,115.07
203,2024-08-06 00:00:00,3518,35181,柏騰一,9.6,3.0,3,有擔保,7,2550,100.0,2024-08-02 00:00:00,37.7,35.0,1.0792,107.7142857142857,115.53,0.07255968169761262,118.63,0.1013395225464189,台新證券,其他電子業,316,9655,3.786274509803921,30.55379746835443,2024/07/31,255.0,2024/08/15,302506160.0,0.5,125.5,118.63
204,2024-08-06 00:00:00,6830,68301,汎銓一,5.18,5.0,3,無擔保,5,4250,100.0,2024-08-02 00:00:00,135.0,150.0,1.0613,90.0,108.02,0.2002222222222221,110.28,0.2253333333333334,台新證券,其他電子業,387,14920,3.510588235294118,38.55297157622739,2024/07/31,425.0,2024/08/15,468669620.0,0.5,116.8,110.28
205,2024-08-07 00:00:00,8927,89277,北基七,35.47,5.9,3,有擔保,7,5160,104.0,2024-08-05 00:00:00,59.4,68.27,1.02,87.0074703383624,109.45,0.2579379629629628,111.53,0.2818439562289561,合庫證券,油電燃氣業,270,15772,3.056589147286822,58.41481481481482,2024/08/01,516.0,2024/08/16,575520300.0,1.0,118.0,111.53
206,2024-08-14 00:00:00,3376,33763,新日興三,19.57,8.0,5,無擔保,4,6800,100.0,2024-08-12 00:00:00,209.0,202.0,1.02,103.4653465346535,119.21,0.1521732057416267,120.85,0.1680239234449761,凱基證券,電子零組件業,964,44980,6.614705882352941,46.6597510373444,2024/08/08,680.0,2024/08/23,821809070.0,0.5,128.0,120.85
207,2024-08-19 00:00:00,3491,34912,昇達科二,6.38,10.0,5,無擔保,5,8500,101.0,2024-08-15 00:00:00,315.5,305.3,1.0601,103.3409760890927,116.3,0.1254006339144216,118.03,0.1421413312202853,凱基證券,通信網路業,629,26213,3.083882352941176,41.67408585055644,2024/08/13,850.0,2024/08/28,1003264850.0,0.5,128.8,118.03
208,2024-08-20 00:00:00,2228,22283,劍麟三,7.58,3.0,3,無擔保,5,2700,100.0,2024-08-16 00:00:00,93.6,95.51,1.06,98.00020940215684,112.87,0.1517322329059829,114.2,0.1653036324786326,凱基證券,汽車工業,360,13687,5.069259259259259,38.01944444444445,2024/08/14,270.0,2024/08/29,308341820.0,0.5,117.73,114.2
209,2024-08-21 00:00:00,3691,36913,碩禾三,9.19,20.0,3,有擔保,7,17000,100.0,2024-08-19 00:00:00,114.0,118.0,1.0415,96.61016949152543,104.55,0.08218421052631575,109.03,0.1285561403508773,宏遠證券,光電業,455,28032,1.648941176470588,61.60879120879121,2024/08/15,1702.0,2024/08/30,1856319140.0,0.5,121.0,109.03
210,2024-08-22 00:00:00,1595,15952,川寶二,4.79,3.0,3,無擔保,6,2700,100.0,2024-08-20 00:00:00,38.8,38.3,1.05,101.3054830287206,107.5,0.06114690721649496,109.82,0.08404793814432998,福邦證券,電子零組件業,319,9580,3.548148148148148,30.03134796238244,2024/08/16,270.0,2024/09/02,296527160.0,0.5,117.99,109.82
211,2024-08-23 00:00:00,3564,35642,其陽二,5.91,5.0,3,無擔保,6,4250,100.0,2024-08-21 00:00:00,89.6,85.0,1.027,105.4117647058823,111.89,0.06145647321428593,114.32,0.08450892857142867,台新證券,通信網路業,381,11420,2.687058823529412,29.97375328083989,2024/08/19,425.0,2024/09/03,485859560.0,0.5,119.77,114.32
212,2024-09-04 00:00:00,6629,66292,泰金二KY,3.6,3.0,3,無擔保,6,2550,100.0,2024-09-02 00:00:00,142.5,135.0,1.02,105.5555555555556,114.3,0.08284210526315783,116.79,0.1064315789473684,元大證券,居家生活,419,13598,5.332549019607844,32.45346062052506,2024/08/29,255.0,2024/09/13,297812060.0,0.5,123.6,116.79
213,2024-09-05 00:00:00,2464,24642,盟立二,19.6,10.0,3,無擔保,6,8500,103.0,2024-09-03 00:00:00,86.3,80.0,1.0444,107.875,115.57,0.07133256083429895,117.64,0.09052143684820413,中信證券,其他電子業,625,23634,2.780470588235294,37.8144,2024/08/30,850.0,2024/09/16,999915970.0,0.5,138.66,117.64
214,2024-09-12 00:00:00,1781,17813,合世三,4.7,2.0,3,有擔保,7,1880,100.0,2024-09-10 00:00:00,17.4,17.3,1.0405,100.5780346820809,100.75,0.001709770114942666,112.91,0.1226109195402301,華南永昌,生技醫療業,177,5036,2.678723404255319,28.45197740112994,2024/09/06,188.0,2024/09/24,212264520.0,0.5,119.15,112.91
215,2024-09-18 00:00:00,6182,61828,合晶八,54.3,15.0,5,無擔保,6,12750,102.2,2024-09-13 00:00:00,32.0,33.8,1.02,94.67455621301775,102.2,0.07948749999999993,104.51,0.1038868750000002,富邦證券,半導體業,231,11642,0.9130980392156862,50.3982683982684,2024/09/11,1275.0,2024/09/27,1166868950.0,0.5,421.12,102.2
216,2024-09-19 00:00:00,1609,16095,大亞五,77.4,20.0,5,無擔保,5,17250,100.0,2024-09-16 00:00:00,49.9,53.1,1.06,93.97363465160075,105.51,0.1227617234468938,107.46,0.1435122244488978,凱基證券,電器電纜,796,45670,2.647536231884058,57.37437185929648,2024/09/12,1725.0,2024/09/30,1853764930.0,0.5,120.0,107.46
217,2024-09-24 00:00:00,8147,81473,正凌三,3.6,3.0,3,無擔保,6,2550,102.0,2024-09-20 00:00:00,143.0,134.6,1.02,106.2407132243685,115.66,0.08865986013986005,117.36,0.1046612587412588,中信證券,電子零組件業,475,13185,5.170588235294118,27.7578947368421,2024/09/18,255.0,2024/10/03,299269370.0,0.5,123.88,117.36
218,2024-09-26 00:00:00,2383,23837,台光電七,34.5,30.0,5,無擔保,3,27000,105.0,2024-09-24 00:00:00,461.5,490.7,1.05,94.04931730181374,108.38,0.1523741278439867,110.94,0.1795938894907907,凱基證券,電子零組件業,1162,61583,2.280851851851852,52.9974182444062,2024/09/20,2700.0,2024/10/09,2995433350.0,0.5,125.0,110.94
219,2024-10-01 00:00:00,6425,64251,易發一,4.4,2.0,3,有擔保,8,1800,100.0,2024-09-27 00:00:00,66.6,61.0,1.0204,109.1803278688525,120.0,0.0990990990990992,123.5,0.1311561561561561,福邦證券,電機機械,327,10116,5.62,30.93577981651376,2024/09/25,180.0,2024/10/15,222304040.0,0.5,127.0,123.5
220,2024-10-01 00:00:00,6197,61973,佳必琪三,12.2,10.0,3,無擔保,5,8500,102.0,2024-09-27 00:00:00,168.5,160.0,1.0224,105.3125,115.6,0.0976854599406527,117.45,0.1152522255192878,元大證券,電子零組件業,789,30593,3.599176470588235,38.7743979721166,2024/09/25,850.0,2024/10/15,998337590.0,0.5,150.0,117.45
221,2024-10-01 00:00:00,6863,68631,永道一KY,7.4,10.0,3,無擔保,5,8500,105.0,2024-09-27 00:00:00,287.0,305.5,1.02,93.9443535188216,108.88,0.1589839721254356,111.46,0.1864470383275261,富邦證券,通信網路業,634,23056,2.712470588235294,36.36593059936909,2024/09/25,850.0,2024/10/15,947375530.0,0.5,188.0,111.46
222,2024-10-08 00:00:00,3516,35161,亞帝歐一,4.36,3.5,3,有擔保,7,2975,101.0,2024-09-30 00:00:00,27.2,26.7,1.0322,101.87265917603,107.83,0.05847830882352922,109.62,0.07604926470588236,富邦證券,光電業,88,5102,1.714957983193277,57.97727272727273,2024/09/26,297.0,2024/10/18,326126490.0,0.5,116.1,109.62
223,2024-10-08 00:00:00,2548,25484,華固四,30.45,20.0,5,無擔保,4,18000,102.0,2024-10-01 00:00:00,135.5,136.3,1.02,99.41305942773293,102.56,0.03165520295202962,104.83,0.05448922509225107,富邦證券,建材營造業,425,27512,1.528444444444444,64.73411764705882,2024/09/27,1800.0,2024/10/18,1887028900.0,0.5,129.99,104.83
224,2024-10-08 00:00:00,3013,30134,晟銘電四,20.5,5.0,3,有擔保,6,4250,101.0,2024-10-03 00:00:00,123.5,141.5,1.021,87.27915194346289,111.69,0.2796870445344131,114.01,0.3062684210526316,中信證券,電腦及週邊設備業,444,14122,3.322823529411765,31.80630630630631,2024/10/01,425.0,2024/10/18,484532900.0,1.0,122.0,114.01
225,2024-10-16 00:00:00,6706,67062,惠特二,7.36,5.0,3,無擔保,6,4250,100.0,2024-10-14 00:00:00,181.0,178.8,1.0218,101.2304250559284,110.23,0.08890187845303865,113.36,0.1198214364640884,凱基證券,光電業,407,13486,3.173176470588235,33.13513513513514,2024/10/09,425.0,2024/10/25,481765160.0,0.5,150.0,113.36
226,2024-10-18 00:00:00,9939,99392,宏全二,29.58,40.0,5,無擔保,4,34000,101.0,2024-10-16 00:00:00,154.5,168.4,1.03,91.7458432304038,101.0,0.1008673139158576,102.79,0.1203777346278316,永豐金證,其他業,581,33833,0.9950882352941176,58.23235800344234,2024/10/14,3400.0,2024/10/29,2994517710.0,0.5,135.0,101.0
227,2024-10-18 00:00:00,6584,65841,南俊一,6.58,7.0,3,有擔保,7,6180,102.0,2024-10-16 00:00:00,175.0,178.8,1.0241,97.87472035794183,112.65,0.1509611428571431,114.7,0.1719062857142859,凱基證券,電子零組件業,570,17630,2.852750809061489,30.92982456140351,2024/10/14,618.0,2024/10/29,708860570.0,0.5,133.0,114.7
228,2024-10-22 00:00:00,6768,67681,志強一KY,19.6,10.0,3,無擔保,4,9000,100.0,2024-10-18 00:00:00,112.5,101.0,1.0243,111.3861386138614,111.35,-0.0003244444444445715,114.23,0.02553155555555553,元大證券,運動休閒,561,25529,2.836555555555555,45.50623885918004,2024/10/16,900.0,2024/10/31,1028099570.0,0.5,121.39,114.23
229,2024-10-23 00:00:00,6835,68351,圓裕一,6.62,6.0,3,無擔保,6,5400,102.0,2024-10-21 00:00:00,53.2,50.8,1.02,104.7244094488189,102.33,-0.02286390977443631,106.95,0.02125187969924802,中信證券,電子零組件業,207,8051,1.490925925925926,38.89371980676329,2024/10/17,540.0,2024/11/01,577548560.0,0.5,117.3,106.95
230,2024-10-28 00:00:00,4549,45491,恒達一,5.48,5.0,3,無擔保,5,4250,100.0,2024-10-24 00:00:00,165.5,162.7,1.0605,101.720958819914,114.51,0.1257267069486405,117.27,0.152859758308157,凱基證券,電機機械,602,19888,4.679529411764705,33.03654485049834,2024/10/22,425.0,2024/11/07,498382070.0,0.5,187.0,117.27
231,2024-10-29 00:00:00,9958,99588,世紀鋼八,25.69,20.0,3,無擔保,5,17950,102.0,2024-10-25 00:00:00,214.5,238.0,1.0325,90.12605042016807,102.75,0.14006993006993,104.82,0.1630377622377621,凱基證券,鋼鐵工業,435,24007,1.337437325905293,55.18850574712643,,,,,,,
232,2024-10-31 00:00:00,8171,81714,天宇四,7.75,2.5,3,有擔保,6,2125,100.0,2024-10-29 00:00:00,34.5,33.8,1.02,102.0710059171598,110.27,0.08032637681159405,112.44,0.1015860869565217,台中銀證,綠能環保,222,5411,2.546352941176471,24.37387387387387,2024/10/25,212.0,2024/11/12,238930120.0,0.5,117.38,112.44
233,2024-11-06 00:00:00,8374,83742,羅昇二,11.23,5.0,3,無擔保,6,4250,100.0,2024-11-04 00:00:00,125.5,133.1,1.02,94.29000751314801,104.2,0.1051011952191234,107.06,0.1354331474103585,台新證券,電機機械,288,9131,2.148470588235294,31.70486111111111,2024/10/31,425.0,2024/11/15,455006980.0,0.5,116.0,107.06
234,2024-11-06 00:00:00,9802,98026,鈺齊六-KY,20.1,10.0,3,無擔保,4,8500,100.0,2024-11-04 00:00:00,113.0,111.0,1.02,101.8018018018018,107.0,0.05106194690265498,108.6,0.0667787610619468,國票證券,運動休閒,602,21716,2.554823529411764,36.07308970099668,2024/10/31,850.0,2024/11/15,923101060.0,0.5,117.0,108.6
235,2024-11-08 00:00:00,6664,66642,群翊二,6.02,12.5,3,無擔保,6,11250,100.0,2024-11-06 00:00:00,285.0,306.0,1.0472,93.13725490196079,105.4,0.1316631578947369,106.98,0.1486273684210526,福邦證券,電子零組件業,725,27655,2.458222222222222,38.14482758620689,2024/11/04,1125.0,2024/11/19,1203580260.0,0.5,200.0,106.98
236,2024-11-12 00:00:00,3702,37023,大聯大三,167.91,20.0,3,無擔保,4,18000,100.0,2024-11-08 00:00:00,76.6,78.0,1.0217,98.2051282051282,102.51,0.0438355091383813,104.3,0.06206266318537867,元大證券,電子通路業,518,44848,2.491555555555556,86.57915057915058,2024/11/06,1800.0,2024/11/21,1877477270.0,0.5,120.0,104.3
237,2024-11-15 00:00:00,3303,33035,岱稜五,9.41,5.0,5,無擔保,6,4410,100.0,2024-11-13 00:00:00,60.3,62.0,1.0277,97.25806451612902,103.0,0.05903814262023221,105.28,0.08248092868988399,福邦證券,其他電子業,264,9838,2.230839002267574,37.26515151515152,2024/11/11,441.0,2024/11/26,464283590.0,0.5,117.5,105.28
238,2024-11-18 00:00:00,3346,33466,麗清六,12.12,3.0,3,無擔保,7,2656,100.0,2024-11-14 00:00:00,36.1,38.0,1.0216,95.0,100.0,0.05263157894736836,101.12,0.06442105263157893,永豐證券,汽車工業,35,1524,0.5737951807228916,43.54285714285714,2024/11/12,265.0,2024/11/27,115179630.0,0.5,120.0,100.0
239,2024-11-20 00:00:00,3313,33133,斐成三,16.88,4.0,3,有擔保,7,3480,100.0,2024-11-18 00:00:00,15.2,16.5,1.03,92.12121212121211,100.0,0.0855263157894739,103.94,0.1282960526315791,合庫證券,其他業,85,3753,1.078448275862069,44.15294117647059,2024/11/14,348.0,2024/11/29,337296910.0,1.0,120.0,100.0
240,2024-11-26 00:00:00,6870,68702,騰雲二,2.29,3.5,5,無擔保,6,3150,101.0,2024-11-22 00:00:00,267.0,236.6,1.02,112.8486897717667,108.64,-0.03729498127340825,112.33,-0.004596329588015036,元大證券,數位雲端,277,12249,3.888571428571429,44.2202166064982,2024/11/20,315.0,2024/12/05,353846790.0,0.5,130.0,112.33
241,2024-11-28 00:00:00,8489,84891,三貝德一,3.74,3.0,3,有擔保,6,2700,100.0,2024-11-26 00:00:00,29.1,28.8,1.02,101.0416666666667,110.38,0.09242061855670092,111.0,0.09855670103092784,台中銀證,其他業,160,6461,2.392962962962963,40.38125,2024/11/22,270.0,2024/12/09,299692100.0,0.5,113.58,111.0
242,2024-12-06 00:00:00,5608,56087,四維航七,38.93,6.0,3,有擔保,7,5100,100.0,2024-12-04 00:00:00,17.6,19.3,1.0321,91.19170984455958,100.87,0.10613125,102.44,0.1233477272727272,永豐證券,航運業,165,7280,1.427450980392157,44.12121212121212,2024/12/02,510.0,2024/12/17,522419970.0,0.5,110.0,102.44
243,2024-12-09 00:00:00,5245,52452,智晶二,4.5,3.0,3,無擔保,6,2550,100.0,2024-12-05 00:00:00,36.4,35.0,1.02,104.0,100.0,-0.03846153846153844,101.1,-0.0278846153846154,台新證券,光電業,100,3666,1.43764705882353,36.66,2024/12/03,255.0,2024/12/18,257797350.0,0.5,106.8,101.1
244,2024-12-10 00:00:00,1438,14381,三地開發一,11.12,9.7,5,有擔保,8,8730,100.0,2024-12-06 00:00:00,59.5,57.5,1.0201,103.4782608695652,114.53,0.1068025210084034,117.63,0.1367605042016806,統一證券,建材營造業,557,30504,3.494158075601375,54.76481149012567,2024/12/04,873.0,2024/12/19,1026900420.0,1.0,123.5,117.63
245,2024-12-16 00:00:00,4979,49794,華星光四,14.08,2.0,3,無擔保,6,1800,102.0,2024-12-12 00:00:00,181.5,206.0,1.06,88.10679611650485,111.11,0.2610831955922865,112.08,0.2720925619834711,富邦證券,通信網路業,215,6617,3.676111111111111,30.77674418604651,2024/12/10,180.0,2024/12/25,201740930.0,0.5,114.8,112.08
246,2024-12-16 00:00:00,2442,24424,新美齊四,26.18,6.0,3,無擔保,7,5100,100.0,2024-12-12 00:00:00,25.45,26.4,1.0205,96.40151515151516,100.0,0.03732809430255402,100.14,0.03878035363457766,台新證券,建材營造業,72,5429,1.064509803921569,75.40277777777777,2024/12/10,510.0,2024/12/25,509597750.0,0.5,102.1,100.0
247,2024-12-18 00:00:00,1316,13166,上曜六,30.1,4.0,3,有擔保,8,3600,100.0,2024-12-16 00:00:00,13.75,17.8,1.1995,77.24719101123596,100.0,0.2945454545454544,102.07,0.3213425454545453,元富證券,建材營造業,67,2691,0.7475,40.16417910447761,2024/12/12,360.0,2024/12/27,261407370.0,0.5,110.67,100.0
248,2024-12-20 00:00:00,2528,25283,皇普三,41.34,6.0,5,有擔保,8,5100,102.0,2024-12-18 00:00:00,38.1,46.4,1.15,82.11206896551725,102.0,0.2422047244094487,102.51,0.2484157480314959,台新證券,建材營造業,89,6883,1.349607843137255,77.33707865168539,2024/12/16,510.0,2024/12/31,522794780.0,0.5,110.0,102.51
249,2025-01-06 00:00:00,4569,45691,六方科一KY,3.1,5.0,3,無擔保,6,4250,100.0,2025-01-02 00:00:00,203.0,212.0,1.039,95.75471698113208,102.87,0.07430738916256163,105.25,0.09916256157635472,元大證券,汽車工業,219,12965,3.050588235294118,59.20091324200913,2024/12/30,425.0,2025/01/15,447313070.0,0.5,111.87,105.25
250,2025-01-06 00:00:00,2755,27551,揚秦一,3.01,2.0,3,無擔保,5,1700,101.0,2025-01-02 00:00:00,104.0,106.0,1.0351,98.11320754716981,101.0,0.029423076923077,102.52,0.04491538461538469,永豐證券,觀光餐旅,61,1658,0.9752941176470589,27.18032786885246,2024/12/30,170.0,2025/01/15,152555390.0,0.5,582.0,101.0
251,2025-01-08 00:00:00,2528,25284,皇普四,41.34,5.0,5,無擔保,8,4250,101.0,2025-01-06 00:00:00,42.85,46.4,1.15,92.34913793103449,101.0,0.09367561260210033,101.12,0.09497502917152856,台新證券,建材營造業,86,5281,1.242588235294118,61.40697674418605,2025/01/02,425.0,2025/01/17,429743540.0,0.5,105.0,101.12
252,2025-01-13 00:00:00,8028,80282,昇陽半二,17.26,20.0,5,無擔保,6,17850,103.0,2025-01-09 00:00:00,143.0,140.3,1.02,101.9244476122594,103.5,0.01545804195804212,104.0,0.02036363636363658,永豐證券,半導體業,155,16890,0.946218487394958,108.9677419354839,2025/01/07,1785.0,2025/01/22,1013971190.0,0.5,110.0,103.5
253,2025-02-12 00:00:00,3390,33902,旭軟二,6.895825899999999,2.0,3,有擔保,7,1700,100.0,2025-02-10 00:00:00,28.1,26.2,1.022,107.2519083969466,110.59,0.03112384341636987,112.55,0.04939857651245516,中信證券,電子零組件業,271,6437,3.786470588235294,23.75276752767528,2025/02/06,170.0,2025/02/21,191336640.0,1.0,116.8,112.55
254,2025-02-14 00:00:00,3095,30954,及成四,1.468,1.5,3,有擔保,9,1275,100.0,2025-02-12 00:00:00,42.65,41.1,1.02,103.7712895377129,108.6,0.0465322391559202,112.7,0.0860422039859321,台新證券,通信網路業,197,5136,4.028235294117647,26.07106598984772,2025/02/10,127.0,2025/02/25,144638250.0,0.5,1056.02,113.44
255,2025-02-14 00:00:00,3045,30455,台灣大五,372.3261811,30.0,5,無擔保,2,22500,100.0,2025-02-13 00:00:00,112.5,115.8,1.04,97.15025906735751,100.0,0.02933333333333343,100.63,0.03581813333333339,元大證券,通信網路業,264,30173,1.341022222222222,114.2916666666667,2025/02/10,2550.0,2025/02/25,2566084750.0,0.5,106.22,100.63
256,2025-02-14 00:00:00,3548,35483,兆利三,6.609136400000001,15.0,5,無擔保,4,13200,100.0,2025-02-14 00:00:00,167.5,170.0,1.0385,98.52941176470588,107.87,0.0948,110.05,0.1169253731343283,凱基證券,電子零組件業,717,39506,2.992878787878788,55.09902370990237,2025/02/10,1320.0,2025/02/25,1452707400.0,0.5,116.88,110.05
257,2025-02-18 00:00:00,3434,34341,哲固一,3.26,1.5,3,有擔保,7,1275,100.0,2025-02-14 00:00:00,28.85,30.3,1.0253,95.21452145214522,104.7,0.09962218370883869,106.77,0.1213625649913344,華南永昌,光電業,103,2490,1.952941176470588,24.1747572815534,2025/02/12,127.0,2025/02/27,136136950.0,0.5,110.88,106.77
258,2025-02-18 00:00:00,6451,64512,訊芯二KY,10.75,25.0,3,無擔保,5,22500,100.0,2025-02-14 00:00:00,230.0,241.2,1.035,95.35655058043119,100.55,0.0544634782608695,104.08,0.09148243478260865,福邦證券,半導體業,635,31088,1.381688888888889,48.95748031496063,2025/02/12,2250.0,2025/02/27,2341848790.0,0.5,130.0,104.08
259,2025-02-19 00:00:00,4439,44391,冠星一KY,3.8,5.0,3,無擔保,5,4250,101.0,2025-02-17 00:00:00,103.0,103.0,1.0204,100.0,101.08,0.01079999999999992,102.32,0.02319999999999989,凱基證券,紡織纖維,160,7589,1.785647058823529,47.43125,2025/02/13,425.0,2025/03/03,434876910.0,0.5,106.39,102.32
260,2025-03-14 00:00:00,6846,68462,綠茵二,2.7,3.5,5,無擔保,6,2975,100.0,2025-03-12 00:00:00,90.8,81.3,1.02,111.6851168511685,101.55,-0.09074724669603529,105.38,-0.05645440528634371,富邦證券,食品工業,168,4324,1.45344537815126,25.73809523809524,2025/03/10,297.0,2025/03/25,313493540.0,0.6,135.0,105.38
261,2025-03-20 00:00:00,1474,14743,弘裕三,12.99,3.0,3,無擔保,6,2550,101.5,2025-03-18 00:00:00,14.25,14.5,1.0283,98.27586206896551,101.5,0.03280701754385973,101.81,0.03596140350877208,兆豐證券,紡織纖維,60,3003,1.177647058823529,50.05,2025/03/14,255.0,2025/03/31,253807460.0,0.5,105.3,101.5
262,2025-05-19 00:00:00,6117,61172,迎廣二,9.19,5.0,3,無擔保,7,4250,100.0,2025-05-15 00:00:00,92.0,79.3,1.02,116.015132408575,108.5,-0.0647771739130436,110.73,-0.04555554347826096,台新證券,電腦及週邊設備業,321,10534,2.478588235294118,32.81619937694704,2025/05/13,425.0,2025/05/28,470622160.0,0.5,120.0,110.73
263,2025-05-20 00:00:00,1472,14722,三洋實業二,5.25,3.0,3,有擔保,7,2550,100.0,2025-05-16 00:00:00,107.0,102.0,1.0248,104.9019607843137,108.36,0.0329644859813083,110.71,0.05536635514018684,台新證券,建材營造業,274,8382,3.287058823529412,30.59124087591241,2025/05/14,255.0,2025/05/29,282319570.0,0.5,115.4,110.71
264,2025-05-28 00:00:00,4555,45554,氣立四,7.0,5.0,3,有擔保,6,4250,102.0,2025-05-26 00:00:00,41.2,44.0,1.0476,93.63636363636364,102.0,0.08932038834951461,103.28,0.1029902912621359,富邦證券,電機機械,84,4130,0.971764705882353,49.16666666666666,2025/05/22,425.0,2025/06/09,354244830.0,0.5,107.11,102.0
265,2025-06-04 00:00:00,3653,36535,健策五,14.29,20.0,5,無擔保,3,17012,105.0,2025-06-02 00:00:00,1320.0,1320.9,1.02,99.93186463774698,106.61,0.06682688636363654,108.37,0.0844388863636365,富邦證券,電子零組件業,603,33082,1.94462732189043,54.86235489220564,2025/05/28,1701.0,2025/06/13,1843635280.0,0.5,200.0,108.37
266,2025-06-05 00:00:00,3617,36173,碩天三,9.42,15.0,3,無擔保,4,12750,100.0,2025-06-03 00:00:00,253.0,305.0,1.1466,82.95081967213115,100.0,0.2055335968379446,100.79,0.2150573122529644,富邦證券,其他電子業,185,8825,0.692156862745098,47.7027027027027,2025/05/29,1275.0,2025/06/16,889471690.0,0.5,270.0,100.0
267,2025-06-06 00:00:00,2351,23511,順德一,18.21,12.0,3,無擔保,5,10200,100.0,2025-06-04 00:00:00,71.3,75.0,1.049,95.06666666666666,100.14,0.05336605890603097,102.18,0.07482468443197776,台新證券,半導體業,279,14593,1.430686274509804,52.30465949820788,2025/06/02,1020.0,2025/06/17,1042239420.0,0.5,107.51,102.18
268,2025-06-11 00:00:00,1466,14664,聚隆四,11.12,4.0,3,有擔保,7,3400,100.0,2025-06-09 00:00:00,16.8,18.8,1.04,89.36170212765957,101.0,0.1302380952380953,103.11,0.15385,國票證券,紡織纖維,87,5417,1.593235294117647,62.26436781609195,2025/06/05,340.0,2025/06/20,350570440.0,0.5,108.0,103.11
269,2025-06-17 00:00:00,6538,65381,倉和一,3.81,3.0,5,無擔保,5,2550,101.0,2025-06-13 00:00:00,108.0,112.0,1.023,96.42857142857143,101.3,0.05051851851851841,102.54,0.06337777777777776,統一證券,電子零組件業,137,3433,1.346274509803921,25.05839416058394,2025/06/11,255.0,2025/06/26,261474780.0,0.7,106.22,102.54
270,2025-06-19 00:00:00,2247,22472,汎德二,8.07,10.0,3,無擔保,4,8500,101.0,2025-06-17 00:00:00,289.0,297.8,1.025,97.04499664204164,101.55,0.04642179930795853,102.37,0.05487148788927332,群益證券,汽車工業,360,17324,2.038117647058824,48.12222222222222,2025/06/13,850.0,2025/06/30,870139750.0,0.5,200.0,102.37
271,2025-06-19 00:00:00,2530,25304,華建四,84.0,10.0,3,無擔保,7,7180,100.0,2025-06-17 00:00:00,32.45,32.5,1.023,99.84615384615385,100.0,0.00154083204930644,100.37,0.00524653312788903,凱基證券,建材營造業,174,9585,1.334958217270195,55.08620689655172,2025/06/13,718.0,2025/06/30,720685010.0,0.5,110.0,100.37
272,2025/07/17,4442,44421,竣邦一KY,3.12,1.5,3,無擔保,6,1275,100.0,2025/07/15,46.05,49.0,1.03,93.97959183673468,100.0,0.06406080347448428,100.37,0.06799782844733993,台新證券,紡織纖維,64,1445,1.1333333333333333,22.578125,2025/07/11,127.0,2025/07/28,127965450.0,0.5,103.1,100.37
273,2025-07-17 00:00:00,6469,64693,大樹三,14.97,10.0,3,無擔保,4,8650,100.0,2025-07-15 00:00:00,143.5,149.74,1.02,95.83277681314277,101.51,0.05924093379790962,102.2,0.06644097560975615,國泰證券,生技醫療業,462,23446,2.710520231213873,50.74891774891775,2025/07/11,865.0,2025/07/28,884000790.0,0.5,109.0,102.2
274,2025-07-23 00:00:00,8411,84113,福貞三KY,21.84,12.0,5,有擔保,6,10200,100.0,2025-07-21 00:00:00,13.2,13.4,1.03,98.50746268656717,100.0,0.01515151515151514,100.49,0.02012575757575741,台新證券,其他業,132,9362,0.917843137254902,70.92424242424242,2025/07/17,1020.0,2025/08/01,940744220.0,0.5,103.6,100.0
275,2025-07-24 00:00:00,6982,69822,大井泵浦二,4.03,2.0,3,無擔保,7,1709,100.0,2025-07-22 00:00:00,62.5,61.8,1.021,101.1326860841424,100.0,-0.0112000000000001,101.16,0.0002700799999999504,永豐金證,電機機械,91,1092,0.638970157987127,12.0,2025/07/18,170.0,2025/08/04,110470160.0,0.5,109.91,100.0
276,2025-07-24 00:00:00,6843,68431,進典一,3.33,3.0,3,無擔保,6,2700,101.0,2025-07-22 00:00:00,59.8,61.4,1.0256,97.39413680781759,101.01,0.03712608695652175,101.83,0.04554548494983268,永豐金證,電機機械,88,2953,1.093703703703704,33.55681818181818,2025/07/18,270.0,2025/08/04,274946340.0,0.5,105.91,101.83
277,2025-07-25 00:00:00,3131,31312,弘塑二,2.92,10.0,5,無擔保,5,8500,103.0,2025-07-23 00:00:00,1565.0,1649.2,1.0201,94.8944943002668,109.14,0.1501194121405751,110.5,0.1644511182108626,凱基證券,其他電子業,1071,41920,4.931764705882353,39.14098972922503,2025/07/21,850.0,2025/08/05,939217330.0,0.5,120.0,110.5
278,2025-07-28 00:00:00,3167,31672,大量二,8.84,5.0,3,無擔保,6,4661,100.0,2025-07-24 00:00:00,168.0,170.0,1.084,98.82352941176471,107.39,0.08668452380952374,109.09,0.1038869047619047,福邦證券,電機機械,453,17514,3.757562754773654,38.66225165562914,2025/07/22,466.0,2025/08/06,508448500.0,0.5,133.0,109.09
279,2025-07-28 00:00:00,2641,26418,正德八,32.49,7.8,5,無擔保,6,7020,100.5,2025-07-24 00:00:00,19.5,19.3,1.0212,101.0362694300518,100.5,-0.005307692307692347,101.3,0.002610256410256362,群益證券,航運業,112,5987,0.8528490028490029,53.45535714285715,2025/07/22,702.0,2025/08/06,606462730.0,0.5,125.5,100.5
280,2025-08-06 00:00:00,7556,75562,意德士二,2.73,2.0,3,無擔保,6,1800,100.0,2025-08-04 00:00:00,174.0,178.5,1.02,97.47899159663865,107.5,0.1028017241379311,109.25,0.1207543103448276,元大證券,半導體業,314,9261,5.145,29.49363057324841,2025/07/31,180.0,2025/08/15,196658740.0,0.5,117.0,109.25
281,2025-08-06 00:00:00,4581,45811,光隆精密一KY,3.39,5.0,3,無擔保,5,4380,100.5,2025-08-04 00:00:00,52.7,56.7,1.025,92.9453262786596,100.5,0.08128083491461102,100.94,0.08601480075901335,第一金證,汽車工業,67,3437,0.784703196347032,51.29850746268657,2025/07/31,438.0,2025/08/15,286362450.0,0.5,107.92,100.5
282,2025-08-19 00:00:00,4558,45581,寶緯一,5.0,3.0,3,有擔保,8,2624,100.0,2025-08-15 00:00:00,27.5,29.8,1.0258,92.28187919463086,100.1,0.08472000000000013,101.17,0.09631490909090923,華南永昌,電機機械,105,3368,1.283536585365854,32.07619047619048,2025/08/13,262.0,2025/08/28,265477880.0,0.5,107.0,101.17
283,2025-08-19 00:00:00,2743,27431,山富一,3.6,3.0,3,無擔保,4,2640,102.0,2025-08-15 00:00:00,106.0,135.0,1.063,78.51851851851852,102.0,0.2990566037735849,102.31,0.3030047169811321,國泰證券,觀光餐旅,100,1904,0.7212121212121212,19.04,2025/08/13,264.0,2025/08/28,194805900.0,0.5,110.0,102.0
284,2025-08-27 00:00:00,6207,62076,雷科六,7.97,2.0,3,無擔保,6,1800,100.0,2025-08-25 00:00:00,57.8,50.6,1.02,114.2292490118577,114.0,-0.002006920415224767,116.21,0.01734013840830451,凱基證券,電子零組件業,308,8271,4.595,26.8538961038961,2025/08/21,180.0,2025/09/05,209173170.0,0.5,120.15,116.21
285,2025-08-29 00:00:00,5439,54391,高技一,9.29,20.0,5,無擔保,5,17000,101.0,2025-08-27 00:00:00,303.0,300.0,1.0327,101.0,110.4,0.09306930693069315,111.88,0.1077227722772276,凱基證券,電子零組件業,1301,56352,3.314823529411765,43.31437355880092,2025/08/25,1700.0,2025/09/09,1901965970.0,0.5,220.0,111.88
286,2025-09-09 00:00:00,4168,41684,醣聯四,10.82,5.0,3,有擔保,7,4250,100.0,2025-09-05 00:00:00,26.2,24.0,1.0202,109.1666666666667,107.4,-0.01618320610687007,109.13,-0.0003358778625953684,統一證券,生技醫療業,369,12074,2.840941176470588,32.72086720867209,2025/09/03,425.0,2025/09/18,463810420.0,0.5,117.0,109.13
287,2025-09-18 00:00:00,4438,44383,廣越三,10.34,8.0,3,無擔保,4,7120,101.0,2025-09-16 00:00:00,74.3,76.0,1.027,97.76315789473684,101.32,0.03638223418573361,102.1,0.04436069986541047,凱基證券,紡織纖維,290,17431,2.448174157303371,60.10689655172414,2025/09/12,712.0,2025/09/30,726951650.0,0.5,468.0,102.1
288,2025-09-22 00:00:00,3687,36872,歐買尬二,3.0,4.0,3,無擔保,5,3600,100.0,2025-09-18 00:00:00,76.4,75.9,1.0296,100.6587615283267,102.89,0.02216636125654436,104.51,0.03826034031413617,元富證券,數位雲端,494,8134,2.259444444444445,16.46558704453441,2025/09/16,360.0,2025/10/02,376230190.0,0.5,114.52,104.51
289,2025-09-23 00:00:00,8404,84041,百和興業一KY,41.99,10.0,3,有擔保,7,8500,100.0,2025-09-19 00:00:00,24.35,26.8,1.05,90.85820895522389,100.69,0.1082102669404517,101.83,0.1207572895277207,中信證券,其他業,815,14498,1.70564705882353,17.78895705521472,2025/09/17,850.0,2025/10/03,865572250.0,1.0,200.0,101.83
290,2025-09-26 00:00:00,6477,64775,安集五,12.37,6.0,3,無擔保,7,5200,100.0,2025-09-24 00:00:00,43.5,44.3,1.0219,98.1941309255079,100.0,0.01839080459770104,100.71,0.02562137931034481,福邦證券,光電業,638,8881,1.707884615384615,13.92006269592476,2025/09/22,520.0,2025/10/09,523708680.0,0.5,107.85,100.71
291,2025-10-02 00:00:00,5201,52011,凱衛一,3.06,1.0,3,有擔保,6,850,101.0,2025-09-30 00:00:00,44.85,41.2,1.0378,108.8592233009709,111.89,0.02784124860646608,112.96,0.03767045707915262,兆豐證券,資訊服務業,440,5773,6.791764705882353,13.12045454545455,2025/09/25,85.0,2025/10/15,96017470.0,0.5,162.0,112.96
292,2025-10-03 00:00:00,6219,62194,富旺四,12.5,6.0,3,有擔保,9,5350,100.5,2025-10-01 00:00:00,20.1,21.17,1.05,94.94567784600851,101.1,0.0648194029850746,103.05,0.08535746268656719,統一證券,建材營造業,253,10547,1.971401869158879,41.68774703557312,2025/09/26,535.0,2025/10/16,551301410.0,0.5,110.0,103.05
293,2025-10-08 00:00:00,2753,27532,八方雲集二,6.66,2.0,3,無擔保,4,1800,100.0,2025-10-03 00:00:00,197.5,210.0,1.0244,94.04761904761905,105.8,0.1249620253164556,107.18,0.1396354430379747,元大證券,觀光餐旅,438,12957,7.198333333333333,29.58219178082192,2025/10/01,180.0,2025/10/20,192917600.0,0.6,162.0,107.18
294,2025-10-08 00:00:00,7713,77131,威力德一,4.55,5.0,3,無擔保,6,4250,101.0,2025-10-03 00:00:00,78.0,73.9,1.0207,105.5480378890392,102.02,-0.03342589743589741,103.84,-0.01618256410256402,台新證券,生技醫療業,224,9120,2.145882352941177,40.71428571428572,2025/10/01,425.0,2025/10/20,441335600.0,0.5,112.6,103.84
295,2025-10-14 00:00:00,6209,62093,今國光三,17.44,4.5,3,有擔保,7,3825,100.0,2025-10-09 00:00:00,43.05,38.6,1.05,111.5284974093264,113.6,0.01857375145180029,115.02,0.03130592334494775,中信證券,光電業,239,15806,4.132287581699346,66.13389121338912,2025/10/07,382.0,2025/10/23,439952770.0,1.0,118.5,115.02
296,2025-10-15 00:00:00,4113,41135,聯上五,23.11,4.0,5,有擔保,7,3435,102.0,2025-10-13 00:00:00,22.75,26.3,1.1004,86.50190114068441,102.0,0.1791648351648352,102.0,0.1791648351648352,合庫證券,建材營造業,189,4176,1.215720524017467,22.09523809523809,2025/10/08,343.0,2025/10/27,216471200.0,1.0,103.55,102.0
297,2025-10-16 00:00:00,3551,35513,世禾三,6.23,5.0,3,無擔保,5,4250,100.0,2025-10-14 00:00:00,171.5,173.0,1.036,99.13294797687861,112.78,0.1376641399416909,114.42,0.1542075801749272,凱基證券,綠能環保,340,29058,6.837176470588235,85.46470588235294,2025/10/09,425.0,2025/10/28,486302470.0,0.5,150.0,114.42
298,2025-10-28 00:00:00,6197,61907,萬泰科七,18.56,10.0,5,無擔保,6,8500,100.0,2025-10-23 00:00:00,41.9,41.7,1.0178,100.4796163069544,104.6,0.04100715990453474,106.21,0.0570303102625298,國票證券,電子零組件業,305,27147,3.193764705882353,89.00655737704918,2025/10/21,850.0,2025/11/06,902799530.0,0.5,113.5,106.21
299,2025-11-14 00:00:00,2368,23683,金像電三,50.63,90.0,5,無擔保,3,76836,107.0,2025-11-10 00:00:00,482.0,450.0,1.0345,107.1111111111111,111.0,0.03630705394190858,112.88,0.05385892116182567,富邦證券,電子零組件業,1852,156043,2.030857931178093,84.25647948164146,2025/11/06,7683.0,2025/11/24,8673140920.0,0.5,301.4,112.88
300,2025-11-14 00:00:00,3032,30322,偉訓二,11.33,10.0,5,無擔保,6,8567,101.0,2025-11-12 00:00:00,92.2,101.9,1.02,90.48086359175662,102.66,0.1346045553145336,104.73,0.1574823210412148,統一證券,電腦及週邊設備業,428,14701,1.716003268355317,34.3481308411215,2025/11/10,856.0,2025/11/25,897189650.0,0.5,112.0,104.73
301,2025-12-01 00:00:00,6890,68902,萊億二,24.94,5.0,3,無擔保,5,4350,101.0,2025-11-27 00:00:00,280.5,245.2,1.02,114.3964110929853,118.36,0.03464784313725477,119.83,0.04749789661319048,富邦證券,運動休閒,977,25845,5.941379310344828,26.45342886386899,2025/11/25,435.0,2025/12/10,521278370.0,0.5,237.0,119.83
302,2025/12/08,4739,47394,康普四,11.86,6.0,5,有擔保,5,5640,100.0,2025/12/04,69.2,71.0,1.086,97.46478873239437,109.12,0.1195838150289017,110.46,0.13333236994219644,福邦證券,化學工業,692,26476,4.6943262411347515,38.26011560693642,2025/12/02,564.0,2025/12/17,622988430.0,0.5,121.0,110.46
303,2025/12/04,5307,53097,系統電七,20.91,5.0,3,無擔保,6,4255,101.0,2025/12/02,60.6,55.0,1.028,110.18181818181819,114.85,0.0423679867986797,116.91,0.06106435643564345,富邦證券,電子零組件業,606,18745,4.405405405405405,30.932343234323433,2025/11/28,425.0,2025/12/15,497434850.0,0.5,124.86,116.91
304,2025/12/02,6442,64423,光聖三,7.81,15.0,3,無擔保,5,12750,102.5,2025/11/28,1190.0,1065.9,1.02,111.6427432216906,123.0,0.10172857142857139,124.86,0.11838885714285707,台新證券,通信網路業,2273,82048,6.435137254901961,36.09678838539375,2025/11/26,1275.0,2025/12/11,1591954870.0,0.5,132.6,124.86
305,2025-12-16 00:00:00,6904,69041,伯鑫一,1.85,2.0,3,無擔保,6,1278,102.0,2025-12-12 00:00:00,120.0,130.0,1.04,92.3076923076923,102.51,0.11052499999999998,103.6,0.12233333333333318,國泰證券,其他業,131,4153,3.2496087636932707,31.702290076335878,2025-12-10 00:00:00,128.0,2025-12-26 00:00:00,132395760.0,0.5,112.0,103.6
306,2025-12-16 00:00:00,3453,35431,州巧一,8.93,4.0,3,有擔保,6,3770,100.0,2025-12-12 00:00:00,44.9,46.3,1.048,96.97624190064795,110.12,0.1355358574610246,111.76,0.15244721603563471,福邦證券,光電業,429,16326,4.3305039787798405,38.05594405594405,2025-12-10 00:00:00,1275.0,2025-12-26 00:00:00,421336820.0,0.5,115.88,111.76
307,2025-12-16 00:00:00,6670,66702,復盛應用二,13.94,20.0,3,無擔保,3,12750,103.0,2025-12-12 00:00:00,261.5,270.0,1.0568,96.85185185185186,107.0,0.10478011472275317,108.66,0.12191969407265768,台新證券,運動休閒,880,42647,3.3448627450980393,48.4625,2025-12-10 00:00:00,377.0,2025-12-26 00:00:00,1385391790.0,0.5,117.6,108.66
