可轉債名稱,可轉債代碼,擔保銀行/信用評等(TCRI),權利金(佰元報價),選擇權到期日,賣回價格(A),賣回日期(B),剩餘年期,折現率(C),權利金參考價,現股參考價,轉換價格,CB轉換價值,CB參考價,溢(折)價%,股價波動率120天%,股價波動率240天%,流通餘額占發行總額%,原始發行量,產業
,,,,,,,,,,,,,,,,,,,
台泥一永,11011,twA+,6.15,2027/11/26,100,2027/12/10,1.947945205,0.03,3.1,22.8,35.2,64.77272727,96.95,49.67719298,24.75,25.76,100,8000000000,水泥工業
上曜六,13166,板信銀,2.09,2026/12/13,100.5,2026/12/27,0.994520548,0.023,19.09,15.8,17.4,90.8045977,117,28.84810127,36.69,47.14,100,400000000,建材營建
遠東新E1永,140201,3,4.33,2027/7/25,100,2027/8/8,1.608219178,0.025,8.33,36.7,43.1,85.15081206,104,22.13623978,17.19,22.39,100,1000000000,紡織纖維
聚隆四,14664,台中商銀,6,2028/6/6,100,2028/6/20,2.476712329,0.023,11.05,14.3,18.8,76.06382979,105.05,38.10769231,36.3,48.05,100,400000000,紡織纖維
三洋實業二,14722,台中商銀,2.41,2027/5/15,101.0025,2027/5/29,1.41369863,0.022,7.91,88.6,98.6,89.85801217,105.5,17.40744921,20.11,32.22,100,300000000,建材營建
亞力二,15142,6,6.19,2027/12/30,100.7519,2028/1/13,2.04109589,0.0325,23.69,103,109.2,94.32234432,117.5,24.57281553,32.92,42.3,100,1200000000,電機機械
中砂一,15601,4,4.02,2027/6/10,100,2027/6/24,1.484931507,0.025,41.22,375,284.6,131.7638791,137.2,4.125653333,37.58,47.43,99.94,1000000000,電機機械
和勤四,15864,合庫,1.78,2026/8/16,100,2026/8/30,0.668493151,0.022,11.28,25.15,30.74,81.81522446,109.5,33.83817097,32.71,29.95,100,200000000,電機機械
大亞五,16095,5,6.57,2027/9/16,100.75,2027/9/30,1.753424658,0.04,10.82,38.85,51.3,75.73099415,104.25,37.65830116,38.03,40.5,100,2000000000,電器電纜
合世三,17813,華南銀,4.13,2027/9/10,100,2027/9/24,1.736986301,0.022,6.08,11.05,18,61.38888889,101.95,66.07239819,14.4,31.46,100,200000000,生技醫療
科妍三,17863,6,4.65,2027/7/18,102.01,2027/8/1,1.589041096,0.04,21.9,73.4,116.5,63.00429185,117.25,86.09843324,40.7,42.6,100,400000000,生技醫療
允強四,20344,4,7.34,2027/9/18,100,2027/10/2,1.75890411,0.04,12.84,20.9,24,87.08333333,105.5,21.14832536,25.99,39.14,100,2000000000,鋼鐵工業
國際中橡三,21043,5,2.17,2026/9/29,100.9,2026/10/13,0.789041096,0.035,0.52,11.3,21.2,53.30188679,98.35,84.51504425,34.92,34.8,100,3500000000,橡膠工業
劍麟三,22283,5,5.3,2027/8/15,100,2027/8/29,1.665753425,0.03,33.9,108.5,85.36,127.108716,128.6,1.173235023,52.8,46.33,92.9,300000000,汽車工業
汎德永業一,22471,4,7.04,2028/6/12,100,2028/6/26,2.493150685,0.027,12.84,281.5,289.4,97.27021424,105.8,8.769165187,24.59,25.1,100,1000000000,汽車工業
汎德永業二,22472,4,7.07,2028/6/16,100,2028/6/30,2.504109589,0.027,14.12,281.5,280.2,100.4639543,107.05,6.555630551,24.59,25.1,100,1000000000,汽車工業
順德一,23511,5,8.33,2028/6/3,100,2028/6/17,2.468493151,0.0325,26.38,75.3,72.4,104.0055249,118.05,13.50358566,41.24,45.39,100,1200000000,電子–半導體
金像電三,23683,3,6.99,2028/11/10,100,2028/11/24,2.906849315,0.023,69.99,697,450,154.8888889,163,5.236728838,54.64,55.97,100,9000000000,電子–電子零組件
毅嘉三,24023,5,5.98,2027/11/5,100,2027/11/19,1.890410959,0.03,37.48,63.8,55,116,131.5,13.36206897,53.36,47.66,100,1000000000,電子–電子零組件
偉詮電一,24361,5,3.11,2026/8/28,100,2026/9/11,0.701369863,0.04,12.31,48.5,53.3,90.99437148,109.2,20.00742268,38.93,41.64,99.99,1100000000,電子–半導體
美律四,24394,3,3.97,2027/6/26,100,2027/7/10,1.528767123,0.024,7.97,97.8,128.9,75.87276959,104,37.07157464,23.37,32.83,100,2500000000,電子–通信網路
美律五,24395,3,4.05,2027/7/8,100,2027/7/22,1.561643836,0.024,9.15,97.8,125.2,78.11501597,105.1,34.54519427,23.37,32.83,100,500000000,電子–通信網路
光群雷六,24616,台中商銀,0.82,2026/3/10,100,2026/3/24,0.232876712,0.022,38.82,14.8,14.5,102.0689655,138,35.2027027,15.76,29.74,42.66,600000000,電子–其他電子
鉅祥二,24762,4,3,2027/1/12,100,2027/1/26,1.076712329,0.025,37,87.2,66.5,131.1278195,134,2.190366972,33.85,38.39,38.95,1000000000,電子–電子零組件
皇普三,25283,元大銀,4.17,2027/12/17,100.752,2027/12/31,2.005479452,0.023,11.97,30.65,42.4,72.28773585,107.8,49.12626427,27.04,33.94,100,600000000,建材營建
華固三,25483,4,7.34,2027/9/18,100,2027/10/2,1.75890411,0.04,12.84,120.5,125,96.4,105.5,9.439834025,26.01,31.44,100,4000000000,建材營建
華固四,25484,4,7.52,2027/10/4,100,2027/10/18,1.802739726,0.04,13.52,120.5,123.5,97.5708502,106,8.639004149,26.01,31.44,100,2000000000,建材營建
華航七,26107,twBBB+,1.13,2026/4/14,100,2026/4/28,0.328767123,0.025,23.43,20.05,16.9,118.6390533,122.3,3.085785536,16.78,28.07,22.99,4500000000,航運業
正德八,26418,6,11.28,2028/7/23,100.7519,2028/8/6,2.605479452,0.045,19.73,20.35,19.3,105.4404145,108.45,2.854299754,30.73,39.29,92.12,780000000,航運業
王品一,27271,4,6.6,2028/3/15,100,2028/3/29,2.249315068,0.028,13.95,218,233.4,93.40188518,107.35,14.93344037,20.19,24.67,99.98,700000000,觀光餐旅
八方雲集一,27531,4,7.81,2028/9/25,100,2028/10/9,2.780821918,0.027,18.11,190,212,89.62264151,110.3,23.07157895,29.81,31.26,100,800000000,觀光餐旅
八方雲集二,27532,4,7.89,2028/10/6,100,2028/10/20,2.810958904,0.027,18.39,190,210,90.47619048,110.5,22.13157895,29.81,31.26,100,200000000,觀光餐旅
高林一,29061,5,3.03,2026/9/6,100,2026/9/20,0.726027397,0.0375,2.43,12.85,16.8,76.48809524,99.4,29.95486381,13.26,22.37,46,1000000000,貿易百貨
晶豪科一,30061,5,3.41,2026/10/13,100,2026/10/27,0.82739726,0.0375,35.31,105,83.6,125.5980861,131.9,5.01752381,56.24,53.44,99.99,1000000000,電子–半導體
晟銘電四,30134,中信銀/兆豐銀,4.27,2027/10/4,100,2027/10/18,1.802739726,0.022,32.77,129,143.8,89.70792768,128.5,43.24263566,44.54,55.55,100,500000000,電子–電腦及週邊設備
欣興一,30371,4,7.14,2028/10/20,100,2028/11/3,2.849315068,0.024,51.14,220.5,165.4,133.3131802,144,8.016326531,53.44,54.68,100,4000000000,電子–電子零組件
台灣大四,30454,2,5.05,2028/2/10,100,2028/2/24,2.156164384,0.022,4.05,111.5,118.2,94.33164129,99,4.948878924,15.24,15.57,100,7000000000,電子–通信網路
台灣大五,30455,2,5.05,2028/2/11,100,2028/2/25,2.15890411,0.022,7.1,111.5,111.3,100.1796945,102.05,1.866950673,15.24,15.57,100,3000000000,電子–通信網路
艾訊二,30882,5,2.29,2026/8/14,100,2026/8/28,0.663013699,0.03,9.14,77.2,88.5,87.23163842,106.85,22.48996114,24.57,40.33,46.07,800000000,電子–電腦及週邊設備
及成四,30954,陽信銀,2.97,2027/2/11,100,2027/2/25,1.15890411,0.023,9.97,28.6,41.1,69.5863747,107,53.76573427,47.31,50.85,100,150000000,電子–通信網路
弘塑一,31311,5,8.06,2028/7/16,100,2028/7/30,2.58630137,0.03,30.86,1535,1736.5,88.39619925,122.8,38.92,56.23,61.41,100,1000000000,電子–其他電子
弘塑二,31312,5,8.11,2028/7/22,100,2028/8/5,2.602739726,0.03,33.61,1535,1626.6,94.36862166,125.5,32.98912052,56.23,61.41,100,1000000000,電子–其他電子
大量二,31672,6,11.38,2028/7/23,100,2028/8/6,2.605479452,0.0425,52.38,240,169.1,141.9278533,141,-0.65375,66,66.26,99.34,500000000,電機機械
昇貿五,33055,6,4.01,2026/12/11,100,2026/12/25,0.989041096,0.0375,56.01,109,73.3,148.7039563,152,2.216513761,70.7,60.78,13.22,800000000,電子–其他電子
斐成三,33133,元大銀,4.52,2027/11/15,100,2027/11/29,1.917808219,0.022,17.77,15.1,15.7,96.17834395,113.25,17.75,51.95,49.49,98.57,400000000,其他
雙鴻五,33245,4,2.76,2027/7/17,101.5075,2027/7/31,1.58630137,0.025,50.76,1020,734.4,138.8888889,148,6.56,46.64,53.31,100,1500000000,電子–其他電子
臺慶科一,33571,4,2.4,2026/10/17,100,2026/10/31,0.838356164,0.025,35.4,143.5,107.4,133.6126629,133,-0.458536585,42.8,41.89,84.91,1100000000,電子–電子零組件
先進光一,33621,土銀,2.95,2027/7/2,100.75,2027/7/16,1.545205479,0.022,3.95,92.3,251,36.77290837,101,174.6587216,37.81,47.91,99.99,1200000000,電子–光電
新日興三,33763,4,2.92,2027/8/9,101.51,2027/8/23,1.649315068,0.025,32.42,202,195.2,103.4836066,129.5,25.14059406,47.45,56,99.61,800000000,電子–電子零組件
崇越電一,33881,4,5.52,2027/10/26,100,2027/11/9,1.863013699,0.028,9.52,61.7,62.8,98.24840764,104,5.854132901,9.04,16.59,99.98,700000000,電子–電子零組件
旭軟二,33902,中信銀,5.25,2028/2/7,100,2028/2/21,2.147945205,0.023,33.75,24.8,24.2,102.4793388,128.5,25.39112903,32.84,35.56,100,200000000,電子–電子零組件
融程電三,34163,5,3.53,2027/1/11,100,2027/1/25,1.073972603,0.03,28.53,150.5,127.1,118.4107002,125,5.564784053,37.7,39.82,83.96,500000000,電子–電腦及週邊設備
安勤三,34793,5,3.5,2027/1/8,100,2027/1/22,1.065753425,0.03,11,92.1,109.3,84.26349497,107.5,27.57600434,29.17,37.7,100,650000000,電子–電腦及週邊設備
力致四,34834,6,5.88,2027/5/8,100,2027/5/22,1.394520548,0.04,9.88,91.3,136.1,67.08302719,104,55.03176342,33.17,43.75,100,200000000,電子–電腦及週邊設備
崧騰三,34843,5,0.59,2026/4/10,100.75,2026/4/24,0.317808219,0.0325,16.59,47.35,42.2,112.2037915,116,3.383315734,21.64,38.53,63.62,400000000,電子–電子零組件
亞帝歐一,35161,永豐銀,4.27,2027/10/4,100,2027/10/18,1.802739726,0.022,13.27,19.65,25.81,76.13328167,109,43.16997455,19.02,32.46,100,350000000,電子–光電
柏騰一,35181,台新銀,3.89,2027/8/1,100,2027/8/15,1.62739726,0.022,8.89,21.05,35,60.14285714,105,74.58432304,45.46,46.17,100,300000000,電子–其他電子
御嵿一,35221,兆豐銀,0.93,2026/12/4,101.5075,2026/12/18,0.969863014,0.022,7.93,17.8,18.6,95.69892473,107,11.80898876,34.63,40.82,82.06,150000000,觀光餐旅
凡甲六,35266,5,3.34,2027/1/15,100,2027/1/29,1.084931507,0.028,32.94,247,200.3,123.3150275,129.6,5.096680162,24.99,31.1,78.75,1000000000,電子–電子零組件
凡甲七,35267,5,8.01,2028/7/10,100,2028/7/24,2.569863014,0.03,23.61,247,269.6,91.61721068,115.6,26.17716599,24.99,31.1,100,1500000000,電子–電子零組件
兆利二,35482,4,3.13,2026/12/25,100,2027/1/8,1.02739726,0.0275,5.83,90.8,186,48.8172043,102.7,110.376652,34.7,45.17,99.98,800000000,電子–電子零組件
兆利三,35483,4,6.24,2028/2/11,100,2028/2/25,2.15890411,0.0275,6.89,90.8,162.8,55.77395577,100.65,80.46057269,34.7,45.17,100,1500000000,電子–電子零組件
世禾三,35513,5,8.8,2028/10/14,100,2028/10/28,2.832876712,0.03,43.8,199,173,115.0289017,135,17.36180905,44.42,49.68,100,500000000,綠能環保
辛耘一,35831,4,1.53,2026/5/24,100,2026/6/7,0.438356164,0.028,19.43,327,349.3,93.61580303,117.9,25.94027523,39.32,45.7,100,200000000,電子–半導體
辛耘二,35832,4,1.62,2026/6/5,100,2026/6/19,0.471232877,0.028,21.32,327,337.4,96.91760522,119.7,23.50697248,39.32,45.7,99.89,1000000000,電子–半導體
閎康一,35871,4,1.49,2026/6/6,100,2026/6/20,0.473972603,0.025,16.99,186,192,96.875,115.5,19.22580645,40.15,42.1,75.11,600000000,電子–其他電子
碩天三,36173,4,7.09,2028/6/2,100,2028/6/16,2.465753425,0.0275,16.09,207.5,287.3,72.22415593,109,50.91903614,37.41,43.35,100,1500000000,電子–其他電子
家登四,36804,5,2.71,2026/10/4,100,2026/10/18,0.802739726,0.03,17.71,327,354,92.37288136,115,24.49541284,39.99,46.63,35.61,1000000000,電子–半導體
榮昌一,36841,6,5.62,2027/10/14,102.01,2027/10/28,1.830136986,0.04,38.17,67.6,50.7,133.3333333,132.55,-0.5875,45.65,36.71,100,300000000,電子–通信網路
碩禾三,36913,上海銀等,4.14,2027/8/16,100,2027/8/30,1.668493151,0.023,5.39,79.3,118,67.20338983,101.25,50.66204288,46.61,47.65,100,2000000000,電子–光電
大聯大二,37022,4,5.91,2027/10/28,100,2027/11/11,1.868493151,0.03,6.01,57.2,76.9,74.38231469,100.1,34.575,25.99,31.63,100,3500000000,電子–電子通路
大聯大三,37023,4,5.99,2027/11/7,100,2027/11/21,1.895890411,0.03,6.29,57.2,74.6,76.67560322,100.3,30.81083916,25.99,31.63,100,2000000000,電子–電子通路
上緯投控三,37083,一銀,1.94,2026/9/13,100,2026/9/27,0.745205479,0.022,43.84,114.5,86.4,132.5231481,141.9,7.075633188,61.4,55.55,30.37,1000000000,綠能環保
聯上五,41135,板信銀,6.81,2028/10/13,100,2028/10/27,2.830136986,0.023,21.76,25.2,26.3,95.81749049,114.95,19.96765873,31.32,39.1,100,400000000,建材營建
晟德六,41236,永豐銀,5.65,2028/4/12,100,2028/4/26,2.326027397,0.023,18.75,37.1,38.6,96.11398964,113.1,17.67277628,25.26,29.13,90.88,700000000,生技醫療
聯合五,41295,6,7.86,2028/5/15,101.5075,2028/5/29,2.416438356,0.0375,25.86,110.5,105.6,104.6401515,118,12.76742081,33.29,33.98,99.98,700000000,生技醫療
醣聯四,41684,土銀,6.57,2028/9/4,100,2028/9/18,2.723287671,0.023,27.37,27.2,23.91,113.7599331,120.8,6.188529412,43.07,50.3,100,500000000,生技醫療
三圓三,44163,一銀,-0.06,2026/9/16,102.01,2026/9/30,0.753424658,0.022,3.94,31.05,65.7,47.26027397,104,120.057971,36.71,34.6,95.59,1000000000,建材營建
廣越三,44383,4,8.3,2028/9/16,100,2028/9/30,2.756164384,0.029,19.8,76.7,75,102.2666667,111.5,9.028683181,29.01,34.56,100,800000000,紡織纖維
氣立四,45554,彰銀,5.93,2028/5/26,100,2028/6/9,2.446575342,0.023,12.63,38.6,43.4,88.94009217,106.7,19.96839378,39.73,48.23,100,500000000,電機機械
寶緯一,45581,華南銀,6.44,2028/8/14,100,2028/8/28,2.665753425,0.023,7.94,19.4,29.8,65.10067114,101.5,55.91237113,32.77,39.19,100,300000000,電機機械
駐龍一,45721,6,2.35,2026/7/2,100,2026/7/16,0.545205479,0.0375,12.35,154,160.6,95.89041096,110,14.71428571,23.99,33.17,100,500000000,電機機械
國精化三,47223,5,8.58,2028/9/17,100,2028/10/1,2.75890411,0.03,54.43,185,141.3,130.9271054,145.85,11.39786486,72.86,67.48,100,500000000,化學工業
康普三,47393,彰銀,2.13,2026/10/14,100,2026/10/28,0.830136986,0.022,6.58,67.6,98.5,68.62944162,104.45,52.1941568,46.8,44.97,99.21,700000000,化學工業
康普四,47394,一銀,6.84,2028/12/3,100,2028/12/17,2.969863014,0.022,23.04,67.6,71,95.21126761,116.2,22.0443787,46.8,44.97,100,662754030,化學工業
台特化一,47721,6,11.97,2028/11/13,100,2028/11/27,2.915068493,0.04,34.17,300,323.8,92.64978382,122.2,31.89453333,47.37,54.22,100,2000000000,化學工業
正文六,49066,5,1.79,2026/5/19,100,2026/6/2,0.424657534,0.035,19.59,28.05,26.6,105.4511278,117.8,11.71051693,35.18,36.28,43.01,1500000000,電子–通信網路
華星光四,49794,6,4.76,2026/12/11,100,2026/12/25,0.989041096,0.045,57.76,303,204.3,148.3113069,153,3.161386139,54.08,62.84,100,200000000,電子–通信網路
凱衛一,52011,兆豐銀,6.74,2028/10/1,100,2028/10/15,2.797260274,0.023,35.74,46.85,38.5,121.6883117,129,6.008537887,49.06,57.99,100,100000000,電子–資訊服務
雷笛克光學三,52303,中信銀,1.55,2026/7/10,100,2026/7/24,0.567123288,0.022,7.55,18.85,22,85.68181818,106,23.71352785,31.82,41.87,19.86,300000000,電子–光電
智崴五,52635,台中商銀,2.9,2027/2/18,100,2027/3/4,1.178082192,0.022,10.9,92.8,110.4,84.05797101,108,28.48275862,30.81,36.01,50.46,800000000,文化創意
桂盟四,53064,日商瑞穗銀行,2.2,2026/10/25,100,2026/11/8,0.860273973,0.022,2.8,87.7,121.3,72.30008244,100.6,39.14230331,22.29,32.46,99.99,1000000000,運動休閒
中磊七,53887,4,2.74,2026/11/22,100,2026/12/6,0.936986301,0.026,4.64,80.1,134.6,59.50965825,101.9,71.23270911,31.81,40.56,100,3000000000,電子–通信網路
崇越二,54342,3,1.5,2026/6/15,100,2026/6/29,0.498630137,0.024,68.5,292,184.1,158.6094514,167,5.290068493,29.22,31.42,30.44,1000000000,電子–電子通路
高技一,54391,5,8.4,2028/8/26,100,2028/9/9,2.698630137,0.03,39.4,323.5,300,107.8333333,131,21.48377125,59.78,62.53,100,2000000000,電子–電子零組件
南良一,54501,土銀,5.43,2028/3/7,100,2028/3/21,2.22739726,0.023,11.83,14.6,17.4,83.90804598,106.4,26.80547945,29.68,33.94,99.96,500000000,其他
四維航六,56086,陽信銀,1.4,2026/6/7,100,2026/6/21,0.476712329,0.023,7.35,17.7,22.1,80.09049774,105.95,32.28785311,40.57,44.5,99.98,500000000,航運業
四維航七,56087,一銀,4.63,2027/12/3,100,2027/12/17,1.967123288,0.022,16.13,17.7,19.3,91.70984456,111.5,21.57909605,40.57,44.5,100,600000000,航運業
創惟一,61041,5,5.69,2027/8/12,100,2027/8/26,1.657534247,0.0325,15.69,96.5,124.8,77.32371795,110,42.25906736,40.33,52.14,87.36,500000000,電子–半導體
信音三,61263,6,3.99,2026/11/16,100,2026/11/30,0.920547945,0.04,25.99,30.95,26.8,115.4850746,122,5.641357027,35.14,36.75,39.8,500000000,電子–電子零組件
華電網五,61635,7,6.83,2027/10/2,102.01,2027/10/16,1.797260274,0.0475,123.83,59.6,25.02,238.2094325,217,-8.903691275,54.47,52.55,100,300000000,電子–通信網路
達麗七,61777,7,5.73,2027/6/11,102.01,2027/6/25,1.487671233,0.05,26.73,53.3,46.1,115.6182213,121,4.65478424,28.4,34.23,100,600000000,建材營建
大豐電三,61843,#N/A,3.24,2027/2/20,101.5075,2027/3/6,1.183561644,0.0375,3.24,48.2,49.4,97.5708502,100,2.489626556,18.29,15.09,87.1,1500000000,其他
萬潤五,61875,5,4.89,2027/6/26,100,2027/7/10,1.528767123,0.03,34.89,347.5,276.8,125.5419075,130,3.551079137,39.69,52.72,44.08,500000000,電子–半導體
豐藝四,61894,4,1.8,2026/10/27,100.7519,2026/11/10,0.865753425,0.026,19.1,44.9,43.14,104.0797404,117.3,12.702049,28.41,32.62,24.96,500000000,電子–電子通路
萬泰科七,61907,6,11.02,2028/10/23,100,2028/11/6,2.857534247,0.0375,35.52,45.85,41.7,109.9520384,124.5,13.23118866,42.2,43.89,100,1000000000,電子–通信網路
佳必琪三,61973,5,5.69,2027/10/1,100,2027/10/15,1.794520548,0.03,19.74,138.5,152,91.11842105,114.05,25.166787,37.68,43.54,100,1000000000,電子–電子零組件
今國光三,62093,中信銀,6.51,2028/10/9,100,2028/10/23,2.819178082,0.022,79.51,67.8,38.6,175.6476684,173,-1.507374631,52.08,52.4,100,450000000,電子–光電
富旺四,62194,台中銀,5.99,2028/10/2,100.7519,2028/10/16,2.8,0.023,20.14,21.05,21.17,99.43316013,114.15,14.80073634,36.2,39.68,100,600000000,建材營建
台燿五,62745,4,7.21,2028/10/30,100,2028/11/13,2.876712329,0.024,49.71,498,386,129.015544,142.5,10.45180723,54.97,53.81,100,4000000000,電子–電子零組件
康舒二,62822,5,1.9,2026/5/30,100,2026/6/13,0.454794521,0.035,13.4,40.7,46.1,88.28633406,111.5,26.29361179,46.43,44.26,100,4000000000,電子–電子零組件
佳邦三,62843,4,2.7,2026/11/30,100,2026/12/14,0.95890411,0.025,13.8,78.9,86.6,91.10854503,111.1,21.94245881,34.35,37.89,100,700000000,電子–電子零組件
良維十,629010,5,4.26,2027/4/29,100.500625,2027/5/13,1.369863014,0.0325,145.26,184.5,75.9,243.083004,241,-0.856910569,47.71,47.23,12.01,800000000,電子–電子零組件
樺漢五,64145,4,1.88,2026/8/2,100,2026/8/16,0.630136986,0.025,16.38,293,273.6,107.0906433,114.5,6.918771331,25.82,33.14,99.99,3000000000,電子–電腦及週邊設備
易發一,64251,上海銀,4.25,2027/10/1,100,2027/10/15,1.794520548,0.022,65.25,92.3,58.7,157.2402044,161,2.391115926,54.39,56.58,37.75,200000000,電機機械
光聖二,64422,5,6.07,2027/11/17,100,2027/12/1,1.923287671,0.03,44.07,1315,1103.5,119.1662891,138,15.80456274,68.28,68.83,100,1000000000,電子–通信網路
光聖三,64423,5,6.16,2027/11/27,100,2027/12/11,1.950684932,0.03,46.41,1315,1065.9,123.3699221,140.25,13.68249049,68.28,68.83,100,1500000000,電子–通信網路
大樹三,64693,4,7.53,2028/7/14,100,2028/7/28,2.580821918,0.028,9.53,95.5,132.53,72.05915642,102,41.55036649,25.29,32.87,100,1000000000,生技醫療
聚和六,65096,5,1.96,2026/6/19,100,2026/7/3,0.509589041,0.0325,6.61,33,37.6,87.76595745,104.65,19.23757576,21.8,28.38,100,500000000,化學工業
易華電一,65521,台新銀,2.11,2026/10/11,100,2026/10/25,0.821917808,0.022,1.91,25.05,58.8,42.60204082,99.8,134.2610778,32.54,41.69,100,500000000,電子–半導體
南俊國際一,65841,彰銀,1.13,2026/10/15,101.0025,2026/10/29,0.832876712,0.022,96.13,342,177.5,192.6760563,195,1.206140351,64.48,61.93,23.68,700000000,電子–電子零組件
南俊國際二,65842,6,3.48,2026/10/16,101.0025,2026/10/30,0.835616438,0.05,79.48,342,191.6,178.4968685,176,-1.398830409,64.48,61.93,51.83,300000000,電子–電子零組件
鼎基一,65851,一銀,2.12,2026/10/12,100,2026/10/26,0.824657534,0.022,7.97,87.3,110.9,78.71956718,105.85,34.46466208,34.76,42.57,54.62,500000000,其他
萬年清一,66241,土銀,2.89,2027/6/21,100.75,2027/7/5,1.515068493,0.022,73.89,68.8,40.6,169.4581281,171,0.909883721,49.47,40.33,37.4,100000000,綠能環保
金萬林一創,66451,華南銀,0.35,2026/11/20,102,2026/12/4,0.931506849,0.022,4.85,18.35,27.87,65.84140653,104.5,58.7147139,42,43.12,100,70000000,生技醫療
群翊二,66642,6,8.34,2027/11/5,100,2027/11/19,1.890410959,0.0425,33.34,294.5,292.1,100.8216364,125,23.98132428,47.64,49.17,100,1250000000,電子–電子零組件
嘉基二,67152,5,3.73,2027/1/4,100,2027/1/18,1.054794521,0.0325,7.33,102,157.1,64.92679822,103.6,59.56431373,33.74,39.23,100,300000000,電子–電子零組件
龍德造船一,67531,5,5.14,2027/6/11,100,2027/6/25,1.487671233,0.0325,38.14,140,116.6,120.0686106,133,10.77,59.73,54.32,52.17,1000000000,航運業
志強一KY,67681,4,7.66,2027/10/17,100,2027/10/31,1.838356164,0.04,30.76,110.5,95.2,116.0714286,123.1,6.055384615,38.66,49.41,59.1,1000000000,運動休閒
平和環保一創,67711,台中銀,2.29,2027/4/24,101.0025,2027/5/8,1.356164384,0.022,7.79,45.35,51.66,87.78552071,105.5,20.17927233,12.53,23.75,100,350000000,綠能環保
汎銓一,68301,5,2.81,2026/8/1,100,2026/8/15,0.62739726,0.04,29.81,175,147.8,118.4032476,127,7.260571429,41.26,46.5,99.98,500000000,電子–其他電子
進典一,68431,6,5.69,2027/7/21,101.0025,2027/8/4,1.597260274,0.04,12.79,55.4,61.4,90.22801303,107.1,18.69927798,29.52,32.92,100,300000000,電機機械
錼創科技一KY創,68541,中信銀,1.86,2027/2/13,101.0025,2027/2/27,1.164383562,0.022,5.86,129.5,248.3,52.15465163,104,99.40694981,47.59,62.65,100,800000000,電子–半導體
大井泵浦一,69821,7,8.13,2027/7/9,100,2027/7/23,1.564383562,0.05,11.43,62.2,63.6,97.79874214,103.3,5.625080386,34.87,49.69,99.8,300000000,電機機械
大井泵浦二,69822,7,8.29,2027/7/21,100,2027/8/4,1.597260274,0.05,12.29,62.2,61.8,100.6472492,104,3.331189711,34.87,49.69,99.5,200000000,電機機械
威力德生醫一,77131,5,5.63,2027/10/6,101.0025,2027/10/20,1.808219178,0.035,9.13,73.8,73.9,99.864682,103.5,3.640243902,24.3,0,100,500000000,生技醫療
金山電六,80426,7,10.13,2027/12/2,100,2027/12/16,1.964383562,0.05,17.83,56,60,93.33333333,107.7,15.39285714,60.07,57.38,100,350000000,電子–電子零組件
廣積六,80506,5,6,2027/11/8,100,2027/11/22,1.898630137,0.03,11,42.25,63.3,66.74565561,105,57.31360947,23.34,32.78,47.35,1600000000,電子–電腦及週邊設備
翔名四,80914,5,1.94,2026/8/1,100.25,2026/8/15,0.62739726,0.03,20.14,111.5,127,87.79527559,118.2,34.63139013,31.94,35.27,100,550000000,電子–半導體
建暐四,80924,陽信銀,3.06,2027/2/25,100,2027/3/11,1.197260274,0.023,32.86,14.7,14.5,101.3793103,129.8,28.03401361,38.66,44.82,54.35,170000000,電子–其他電子
博智一,81551,4,5.59,2027/12/27,100,2028/1/10,2.032876712,0.026,51.69,176,121.6,144.7368421,146.1,0.941818182,51,56.61,80.54,1000000000,電子–電子零組件
天宇四,81714,板信銀和台中商銀,4.8,2027/10/29,100,2027/11/12,1.871232877,0.024,11.25,25.25,30.5,82.78688525,106.45,28.58316832,25.85,36.07,100,250000000,綠能環保
朋程一,82551,4,1.83,2026/7/26,100,2026/8/9,0.610958904,0.025,3.83,118,196.2,60.14271152,102,69.59661017,37.25,41.99,99.98,800000000,電機機械
百和興業一KY,84041,王道銀等聯保,4.18,2027/9/19,100,2027/10/3,1.761643836,0.022,20.68,23.9,26.8,89.17910448,116.5,30.63598326,34.56,40.8,100,1000000000,其他
福貞三KY,84113,玉山銀,5.51,2028/7/18,100.7519,2028/8/1,2.591780822,0.023,5.56,12.2,13.3,91.72932331,100.05,9.070901639,12.07,20.22,100,1200000000,其他
可寧衛一,84221,4,3.1,2027/11/8,102.5251,2027/11/22,1.898630137,0.028,86.1,26.65,14.6,182.5342466,183,0.255159475,35.39,28.24,40.13,2500000000,綠能環保
可寧衛二,84222,4,7.13,2028/3/24,100,2028/4/7,2.273972603,0.03,47.13,26.65,19,140.2631579,140,-0.187617261,35.39,28.24,98.86,2000000000,綠能環保
威宏二KY,84422,富邦銀,2.08,2026/10/5,100,2026/10/19,0.805479452,0.022,10.08,69.2,73.9,93.64005413,108,15.33526012,28,35.01,90.37,400000000,其他
波力二KY,84672,富邦銀等聯保,3.42,2027/5/16,100,2027/5/30,1.416438356,0.022,17.42,163,188.9,86.28904182,114,32.11411043,48.5,55.6,55.23,210000000,運動休閒
山林水二,84732,6,1.66,2026/9/14,101.26,2026/9/28,0.747945205,0.035,12.66,36.65,34.1,107.4780059,111,3.276944065,31.92,35.72,24.88,1000000000,綠能環保
吉源一KY,84881,玉山銀/王道銀,2.44,2026/12/5,100,2026/12/19,0.97260274,0.022,1.29,9.94,18.4,54.02173913,98.85,82.98189135,22.96,28.38,100,300000000,其他
三貝德一,84891,上海銀,2.18,2026/11/25,100.2001,2026/12/9,0.945205479,0.022,48.18,40.75,27.9,146.0573477,146,-0.039263804,36.43,46.78,65.43,332992100,其他
高力四,89964,5,2.36,2026/11/22,100.7519,2026/12/6,0.936986301,0.03,151.36,558,233.5,238.9721627,249,4.196236559,69.19,64.27,26.72,1000000000,電機機械
鈺齊六KY,98026,4,2.38,2026/11/1,101.0025,2026/11/15,0.879452055,0.035,21.88,102.5,106.4,96.33458647,119.5,24.04682927,35.23,47.61,99.98,1000000000,運動休閒
宏全二,99392,4,4.89,2027/10/15,100,2027/10/29,1.832876712,0.025,7.34,119,161.2,73.82133995,102.45,38.7810084,17.95,25.51,99.99,4000000000,其他
